Channel 1 Time,Channel 1 Voltage,Channel 2 Time,Channel 2 Voltage
-0.02465,0.75,-0.02465,0.0
-0.0493,0.8125,-0.0493,0.0
-0.07394999999999999,0.875,-0.07394999999999999,0.003125
-0.0986,0.75,-0.0986,0.0
-0.12324999999999997,0.8125,-0.12324999999999997,0.003125
-0.14789999999999998,0.75,-0.14789999999999998,-0.003125
-0.17254999999999998,0.75,-0.17254999999999998,-0.003125
-0.19719999999999996,0.875,-0.19719999999999996,0.0
-0.22184999999999996,0.8125,-0.22184999999999996,0.0
-0.24649999999999997,0.8125,-0.24649999999999997,0.0
-0.27114999999999995,0.75,-0.27114999999999995,0.0
-0.29579999999999995,0.8125,-0.29579999999999995,-0.003125
-0.32044999999999996,0.8125,-0.32044999999999996,0.0
-0.34509999999999996,0.75,-0.34509999999999996,0.0
-0.3697499999999999,0.875,-0.3697499999999999,0.0
-0.3943999999999999,0.8125,-0.3943999999999999,0.003125
-0.4190499999999999,0.8125,-0.4190499999999999,0.0
-0.44369999999999993,0.75,-0.44369999999999993,0.003125
-0.46834999999999993,0.8125,-0.46834999999999993,0.0
-0.4929999999999999,0.8125,-0.4929999999999999,0.0
-0.5176499999999998,0.8125,-0.5176499999999998,0.003125
-0.5422999999999999,0.875,-0.5422999999999999,0.0
-0.5669499999999998,0.8125,-0.5669499999999998,0.003125
-0.5915999999999998,0.8125,-0.5915999999999998,0.0
-0.6162499999999999,0.8125,-0.6162499999999999,0.0
-0.6408999999999998,0.8125,-0.6408999999999998,0.0
-0.6655499999999999,0.75,-0.6655499999999999,0.0
-0.6901999999999998,0.75,-0.6901999999999998,-0.003125
-0.7148499999999998,0.8125,-0.7148499999999998,0.003125
-0.7394999999999998,0.8125,-0.7394999999999998,0.0
-0.7641499999999998,0.8125,-0.7641499999999998,0.003125
-0.7887999999999998,0.875,-0.7887999999999998,0.0
-0.8134499999999998,0.8125,-0.8134499999999998,0.0
-0.8380999999999997,0.8125,-0.8380999999999997,0.0
-0.8627499999999998,0.8125,-0.8627499999999998,0.0
-0.8873999999999997,0.8125,-0.8873999999999997,0.0
-0.9120499999999998,0.8125,-0.9120499999999998,0.0
-0.9366999999999998,0.75,-0.9366999999999998,0.0
-0.9613499999999997,0.8125,-0.9613499999999997,0.0
-0.9859999999999998,0.6875,-0.9859999999999998,0.003125
-1.0106499999999998,0.8125,-1.0106499999999998,0.0
-1.0352999999999999,0.875,-1.0352999999999999,0.0
-1.05995,0.75,-1.05995,0.0
-1.0845999999999998,0.8125,-1.0845999999999998,0.0
-1.1092499999999998,0.8125,-1.1092499999999998,0.00625
-1.1339,0.875,-1.1339,0.0
-1.1585499999999997,0.75,-1.1585499999999997,0.003125
-1.1831999999999998,0.8125,-1.1831999999999998,0.0
-1.2078499999999999,0.875,-1.2078499999999999,0.003125
-1.2324999999999997,0.8125,-1.2324999999999997,0.0
-1.2571499999999998,0.8125,-1.2571499999999998,0.003125
-1.2817999999999998,0.8125,-1.2817999999999998,0.003125
-1.30645,0.8125,-1.30645,0.0
-1.3310999999999997,0.8125,-1.3310999999999997,0.003125
-1.3557499999999998,0.75,-1.3557499999999998,0.0
-1.3803999999999998,0.875,-1.3803999999999998,0.0
-1.4050499999999997,0.8125,-1.4050499999999997,0.0
-1.4296999999999997,0.875,-1.4296999999999997,0.0
-1.4543499999999998,0.8125,-1.4543499999999998,0.0
-1.4789999999999996,0.75,-1.4789999999999996,0.003125
-1.5036499999999997,0.875,-1.5036499999999997,0.003125
-1.5282999999999998,0.8125,-1.5282999999999998,0.0
-1.5529499999999998,0.875,-1.5529499999999998,0.0
-1.5775999999999997,0.8125,-1.5775999999999997,0.0
-1.6022499999999997,0.75,-1.6022499999999997,0.0
-1.6268999999999998,0.75,-1.6268999999999998,0.003125
-1.6515499999999996,0.75,-1.6515499999999996,0.0
-1.6761999999999997,0.8125,-1.6761999999999997,0.0
-1.7008499999999998,0.875,-1.7008499999999998,0.0
-1.7254999999999998,0.75,-1.7254999999999998,0.0
-1.7501499999999997,0.875,-1.7501499999999997,0.0
-1.7747999999999997,0.8125,-1.7747999999999997,0.0
-1.7994499999999998,0.8125,-1.7994499999999998,0.0
-1.8240999999999996,0.8125,-1.8240999999999996,0.003125
-1.8487499999999997,0.8125,-1.8487499999999997,0.003125
-1.8733999999999997,0.8125,-1.8733999999999997,0.0
-1.8980499999999996,0.8125,-1.8980499999999996,0.003125
-1.9226999999999996,0.75,-1.9226999999999996,0.003125
-1.9473499999999997,0.75,-1.9473499999999997,0.003125
-1.9719999999999998,0.8125,-1.9719999999999998,0.0
-1.9966499999999996,0.8125,-1.9966499999999996,0.0
-2.0212999999999997,0.8125,-2.0212999999999997,-0.003125
-2.0459499999999995,0.8125,-2.0459499999999995,0.003125
-2.0705999999999993,0.75,-2.0705999999999993,0.003125
-2.0952499999999996,0.8125,-2.0952499999999996,-0.003125
-2.1198999999999995,0.8125,-2.1198999999999995,0.0
-2.1445499999999993,0.8125,-2.1445499999999993,0.003125
-2.1691999999999996,0.8125,-2.1691999999999996,0.003125
-2.1938499999999994,0.875,-2.1938499999999994,0.0
-2.2184999999999993,0.8125,-2.2184999999999993,0.003125
-2.2431499999999995,0.8125,-2.2431499999999995,0.0
-2.2677999999999994,0.75,-2.2677999999999994,0.0
-2.292449999999999,0.8125,-2.292449999999999,0.0
-2.3170999999999995,0.875,-2.3170999999999995,0.0
-2.3417499999999993,0.75,-2.3417499999999993,0.0
-2.366399999999999,0.8125,-2.366399999999999,0.0
-2.3910499999999995,0.75,-2.3910499999999995,-0.003125
-2.4156999999999993,0.8125,-2.4156999999999993,0.0
-2.440349999999999,0.75,-2.440349999999999,0.0
-2.4649999999999994,0.875,-2.4649999999999994,0.003125
-2.4896499999999993,0.875,-2.4896499999999993,-0.003125
-2.5142999999999995,0.8125,-2.5142999999999995,0.0
-2.5389499999999994,0.8125,-2.5389499999999994,-0.003125
-2.563599999999999,0.8125,-2.563599999999999,-0.003125
-2.5882499999999995,0.8125,-2.5882499999999995,0.0
-2.6128999999999993,0.8125,-2.6128999999999993,0.003125
-2.637549999999999,0.8125,-2.637549999999999,-0.003125
-2.6621999999999995,0.8125,-2.6621999999999995,0.0
-2.6868499999999993,0.8125,-2.6868499999999993,0.003125
-2.711499999999999,0.8125,-2.711499999999999,0.003125
-2.7361499999999994,0.8125,-2.7361499999999994,0.003125
-2.7607999999999993,0.75,-2.7607999999999993,0.0
-2.785449999999999,0.8125,-2.785449999999999,-0.003125
-2.8100999999999994,0.75,-2.8100999999999994,0.0
-2.834749999999999,0.875,-2.834749999999999,-0.003125
-2.859399999999999,0.8125,-2.859399999999999,0.003125
-2.8840499999999993,0.875,-2.8840499999999993,0.003125
-2.908699999999999,0.875,-2.908699999999999,0.0
-2.933349999999999,0.875,-2.933349999999999,0.003125
-2.9579999999999993,0.8125,-2.9579999999999993,0.0
-2.982649999999999,0.75,-2.982649999999999,0.003125
-3.0072999999999994,0.8125,-3.0072999999999994,0.0
-3.0319499999999993,0.6875,-3.0319499999999993,0.0
-3.056599999999999,0.8125,-3.056599999999999,0.0
-3.0812499999999994,0.8125,-3.0812499999999994,0.003125
-3.105899999999999,0.75,-3.105899999999999,0.0
-3.130549999999999,0.875,-3.130549999999999,0.0
-3.1551999999999993,0.75,-3.1551999999999993,0.003125
-3.179849999999999,0.8125,-3.179849999999999,0.0
-3.204499999999999,0.8125,-3.204499999999999,-0.003125
-3.2291499999999993,0.875,-3.2291499999999993,0.0
-3.253799999999999,0.8125,-3.253799999999999,0.0
-3.278449999999999,0.875,-3.278449999999999,0.0
-3.3030999999999993,0.8125,-3.3030999999999993,0.0
-3.327749999999999,0.8125,-3.327749999999999,0.0
-3.352399999999999,0.875,-3.352399999999999,0.003125
-3.377049999999999,0.8125,-3.377049999999999,0.0
-3.401699999999999,0.8125,-3.401699999999999,0.0
-3.4263499999999993,0.75,-3.4263499999999993,0.0
-3.450999999999999,0.75,-3.450999999999999,0.0
-3.475649999999999,0.75,-3.475649999999999,0.0
-3.5002999999999993,0.875,-3.5002999999999993,0.0
-3.524949999999999,0.8125,-3.524949999999999,0.003125
-3.549599999999999,0.75,-3.549599999999999,0.0
-3.5742499999999993,0.6875,-3.5742499999999993,0.003125
-3.598899999999999,0.75,-3.598899999999999,-0.003125
-3.623549999999999,0.8125,-3.623549999999999,0.003125
-3.648199999999999,0.8125,-3.648199999999999,0.0
-3.672849999999999,0.875,-3.672849999999999,0.0
-3.697499999999999,0.8125,-3.697499999999999,0.003125
-3.722149999999999,0.75,-3.722149999999999,-0.003125
-3.746799999999999,0.8125,-3.746799999999999,0.003125
-3.771449999999999,0.75,-3.771449999999999,0.0
-3.796099999999999,0.8125,-3.796099999999999,0.003125
-3.820749999999999,0.875,-3.820749999999999,0.0
-3.845399999999999,0.75,-3.845399999999999,0.0
-3.870049999999999,0.8125,-3.870049999999999,0.003125
-3.894699999999999,0.8125,-3.894699999999999,0.0
-3.9193499999999992,0.75,-3.9193499999999992,0.0
-3.943999999999999,0.875,-3.943999999999999,0.0
-3.968649999999999,0.8125,-3.968649999999999,0.0
-3.993299999999999,0.75,-3.993299999999999,0.0
-4.017949999999999,0.8125,-4.017949999999999,0.0
-4.042599999999999,0.75,-4.042599999999999,0.0
-4.06725,0.8125,-4.06725,0.0
-4.0919,0.8125,-4.0919,0.0
-4.116549999999999,0.8125,-4.116549999999999,0.003125
-4.1411999999999995,0.75,-4.1411999999999995,0.0
-4.16585,0.8125,-4.16585,0.0
-4.190499999999999,0.8125,-4.190499999999999,0.003125
-4.2151499999999995,0.8125,-4.2151499999999995,0.0
-4.2398,0.875,-4.2398,0.003125
-4.264449999999999,0.875,-4.264449999999999,0.0
-4.2890999999999995,0.8125,-4.2890999999999995,0.003125
-4.31375,0.875,-4.31375,0.003125
-4.338399999999999,0.8125,-4.338399999999999,0.003125
-4.363049999999999,0.875,-4.363049999999999,0.0
-4.3877,0.75,-4.3877,0.003125
-4.412349999999999,0.875,-4.412349999999999,0.0
-4.436999999999999,0.75,-4.436999999999999,0.003125
-4.46165,0.8125,-4.46165,0.0
-4.486299999999999,0.8125,-4.486299999999999,0.0
-4.510949999999999,0.8125,-4.510949999999999,0.0
-4.5356,0.8125,-4.5356,0.003125
-4.560249999999999,0.8125,-4.560249999999999,0.003125
-4.584899999999999,0.8125,-4.584899999999999,0.00625
-4.60955,0.8125,-4.60955,0.0
-4.634199999999999,0.75,-4.634199999999999,0.0
-4.658849999999999,0.8125,-4.658849999999999,0.0
-4.6834999999999996,0.75,-4.6834999999999996,0.0
-4.708149999999999,0.875,-4.708149999999999,0.0
-4.732799999999999,0.75,-4.732799999999999,0.003125
-4.7574499999999995,0.75,-4.7574499999999995,0.0
-4.782099999999999,0.8125,-4.782099999999999,0.0
-4.806749999999999,0.75,-4.806749999999999,0.0
-4.8313999999999995,0.875,-4.8313999999999995,0.0
-4.856049999999999,0.8125,-4.856049999999999,0.0
-4.880699999999999,0.75,-4.880699999999999,0.0
-4.905349999999999,0.875,-4.905349999999999,0.003125
-4.929999999999999,0.75,-4.929999999999999,0.003125
-4.954649999999999,0.8125,-4.954649999999999,0.0
-4.979299999999999,0.8125,-4.979299999999999,0.0
-5.00395,0.875,-5.00395,0.0
-5.028599999999999,0.75,-5.028599999999999,0.0
-5.053249999999999,0.8125,-5.053249999999999,-0.003125
-5.0779,0.9375,-5.0779,0.0
-5.102549999999999,0.8125,-5.102549999999999,0.0
-5.127199999999999,0.8125,-5.127199999999999,0.0
-5.15185,0.875,-5.15185,0.003125
-5.176499999999999,0.75,-5.176499999999999,0.003125
-5.201149999999999,0.8125,-5.201149999999999,0.003125
-5.2258,0.75,-5.2258,0.003125
-5.250449999999999,0.6875,-5.250449999999999,-0.003125
-5.275099999999999,0.875,-5.275099999999999,0.003125
-5.2997499999999995,0.8125,-5.2997499999999995,-0.003125
-5.324399999999999,0.75,-5.324399999999999,0.0
-5.349049999999999,0.8125,-5.349049999999999,0.003125
-5.3736999999999995,0.8125,-5.3736999999999995,0.0
-5.398349999999999,0.75,-5.398349999999999,0.0
-5.422999999999999,0.875,-5.422999999999999,0.0
-5.447649999999999,0.75,-5.447649999999999,0.0
-5.472299999999999,0.8125,-5.472299999999999,0.003125
-5.496949999999999,0.75,-5.496949999999999,0.0
-5.521599999999999,0.8125,-5.521599999999999,0.003125
-5.546249999999999,0.75,-5.546249999999999,0.0
-5.570899999999999,0.8125,-5.570899999999999,0.003125
-5.595549999999999,0.8125,-5.595549999999999,0.0
-5.620199999999999,0.875,-5.620199999999999,0.0
-5.644849999999999,0.8125,-5.644849999999999,0.0
-5.669499999999999,0.875,-5.669499999999999,0.0
-5.694149999999999,0.8125,-5.694149999999999,0.003125
-5.718799999999999,0.75,-5.718799999999999,0.0
-5.743449999999999,0.8125,-5.743449999999999,0.0
-5.768099999999999,0.75,-5.768099999999999,0.003125
-5.792749999999999,0.75,-5.792749999999999,0.0
-5.817399999999999,0.75,-5.817399999999999,0.003125
-5.842049999999999,0.75,-5.842049999999999,0.0
-5.866699999999999,0.8125,-5.866699999999999,0.0
-5.891349999999999,0.875,-5.891349999999999,0.003125
-5.9159999999999995,0.75,-5.9159999999999995,0.0
-5.940649999999999,0.75,-5.940649999999999,0.003125
-5.965299999999999,0.8125,-5.965299999999999,0.003125
-5.989949999999999,0.8125,-5.989949999999999,0.0
-6.014599999999999,0.8125,-6.014599999999999,0.003125
-6.039249999999999,0.75,-6.039249999999999,0.003125
-6.063899999999999,0.8125,-6.063899999999999,-0.003125
-6.088549999999999,0.8125,-6.088549999999999,0.0
-6.113199999999999,0.8125,-6.113199999999999,0.0
-6.137849999999999,0.875,-6.137849999999999,0.0
-6.162499999999999,0.8125,-6.162499999999999,0.003125
-6.187149999999999,0.8125,-6.187149999999999,0.0
-6.211799999999999,0.8125,-6.211799999999999,0.0
-6.236449999999999,0.75,-6.236449999999999,0.0
-6.261099999999999,0.8125,-6.261099999999999,0.0
-6.285749999999999,0.75,-6.285749999999999,0.0
-6.310399999999999,0.875,-6.310399999999999,0.003125
-6.335049999999999,0.8125,-6.335049999999999,0.0
-6.359699999999999,0.75,-6.359699999999999,0.003125
-6.384349999999999,0.8125,-6.384349999999999,0.003125
-6.408999999999999,0.8125,-6.408999999999999,0.003125
-6.433649999999999,0.75,-6.433649999999999,0.003125
-6.458299999999999,0.8125,-6.458299999999999,0.0
-6.482949999999999,0.75,-6.482949999999999,0.0
-6.507599999999999,0.8125,-6.507599999999999,0.0
-6.532249999999999,0.8125,-6.532249999999999,0.003125
-6.556899999999999,0.75,-6.556899999999999,0.003125
-6.581549999999999,0.75,-6.581549999999999,-0.003125
-6.6061999999999985,0.8125,-6.6061999999999985,0.003125
-6.630849999999999,0.8125,-6.630849999999999,0.0
-6.655499999999999,0.75,-6.655499999999999,0.0
-6.6801499999999985,0.8125,-6.6801499999999985,0.0
-6.704799999999999,0.8125,-6.704799999999999,0.0
-6.729449999999999,0.8125,-6.729449999999999,-0.003125
-6.754099999999998,0.8125,-6.754099999999998,0.003125
-6.778749999999999,0.875,-6.778749999999999,0.0
-6.803399999999999,0.75,-6.803399999999999,0.003125
-6.828049999999999,0.75,-6.828049999999999,0.0
-6.852699999999999,0.8125,-6.852699999999999,0.0
-6.877349999999999,0.8125,-6.877349999999999,0.0
-6.901999999999999,0.8125,-6.901999999999999,-0.003125
-6.926649999999999,0.8125,-6.926649999999999,0.0
-6.951299999999999,0.8125,-6.951299999999999,-0.003125
-6.975949999999999,0.8125,-6.975949999999999,0.003125
-7.000599999999999,0.75,-7.000599999999999,0.003125
-7.025249999999999,0.8125,-7.025249999999999,0.003125
-7.049899999999999,0.8125,-7.049899999999999,0.0
-7.074549999999999,0.75,-7.074549999999999,0.0
-7.099199999999999,0.8125,-7.099199999999999,0.0
-7.123849999999999,0.875,-7.123849999999999,0.0
-7.1484999999999985,0.875,-7.1484999999999985,-0.003125
-7.173149999999999,0.8125,-7.173149999999999,0.0
-7.197799999999999,0.875,-7.197799999999999,-0.003125
-7.2224499999999985,0.8125,-7.2224499999999985,0.003125
-7.247099999999999,0.8125,-7.247099999999999,0.0
-7.271749999999999,0.8125,-7.271749999999999,0.0
-7.296399999999998,0.8125,-7.296399999999998,0.0
-7.321049999999999,0.75,-7.321049999999999,0.0
-7.345699999999999,0.8125,-7.345699999999999,0.0
-7.370349999999998,0.8125,-7.370349999999998,0.0
-7.394999999999999,0.8125,-7.394999999999999,0.003125
-7.419649999999999,0.8125,-7.419649999999999,0.0
-7.444299999999998,0.8125,-7.444299999999998,0.0
-7.468949999999999,0.8125,-7.468949999999999,-0.003125
-7.493599999999999,0.8125,-7.493599999999999,0.0
-7.518249999999998,0.8125,-7.518249999999998,0.0
-7.542899999999999,0.75,-7.542899999999999,0.0
-7.567549999999999,0.8125,-7.567549999999999,0.0
-7.592199999999998,0.75,-7.592199999999998,0.003125
-7.616849999999999,0.8125,-7.616849999999999,0.0
-7.641499999999999,0.8125,-7.641499999999999,0.0
-7.666149999999998,0.8125,-7.666149999999998,0.0
-7.6907999999999985,0.75,-7.6907999999999985,0.0
-7.715449999999999,0.8125,-7.715449999999999,0.0
-7.740099999999999,0.75,-7.740099999999999,0.0
-7.7647499999999985,0.8125,-7.7647499999999985,0.0
-7.789399999999999,0.8125,-7.789399999999999,0.0
-7.814049999999999,0.875,-7.814049999999999,0.0
-7.8386999999999984,0.8125,-7.8386999999999984,0.0
-7.863349999999999,0.8125,-7.863349999999999,0.0
-7.887999999999999,0.8125,-7.887999999999999,0.0
-7.912649999999998,0.8125,-7.912649999999998,0.0
-7.937299999999999,0.8125,-7.937299999999999,0.003125
-7.961949999999999,0.8125,-7.961949999999999,0.0
-7.986599999999998,0.8125,-7.986599999999998,0.0
-8.011249999999999,0.75,-8.011249999999999,0.003125
-8.035899999999998,0.875,-8.035899999999998,0.0
-8.060549999999997,0.8125,-8.060549999999997,0.0
-8.085199999999997,0.8125,-8.085199999999997,0.003125
-8.109849999999998,0.75,-8.109849999999998,0.0
-8.134499999999997,0.8125,-8.134499999999997,0.003125
-8.159149999999999,0.8125,-8.159149999999999,0.003125
-8.183799999999998,0.875,-8.183799999999998,0.0
-8.208449999999997,0.8125,-8.208449999999997,0.003125
-8.233099999999999,0.75,-8.233099999999999,-0.003125
-8.257749999999998,0.8125,-8.257749999999998,0.0
-8.282399999999997,0.75,-8.282399999999997,-0.003125
-8.307049999999998,0.75,-8.307049999999998,0.003125
-8.331699999999998,0.8125,-8.331699999999998,0.003125
-8.356349999999997,0.75,-8.356349999999997,0.0
-8.380999999999998,0.8125,-8.380999999999998,0.003125
-8.405649999999998,0.8125,-8.405649999999998,0.003125
-8.430299999999997,0.8125,-8.430299999999997,0.0
-8.454949999999998,0.8125,-8.454949999999998,0.0
-8.479599999999998,0.8125,-8.479599999999998,0.003125
-8.504249999999997,0.875,-8.504249999999997,0.0
-8.528899999999998,0.8125,-8.528899999999998,0.0
-8.553549999999998,0.8125,-8.553549999999998,0.0
-8.578199999999997,0.75,-8.578199999999997,0.0
-8.602849999999998,0.875,-8.602849999999998,0.0
-8.627499999999998,0.8125,-8.627499999999998,0.0
-8.652149999999997,0.8125,-8.652149999999997,0.003125
-8.676799999999998,0.8125,-8.676799999999998,0.0
-8.701449999999998,0.8125,-8.701449999999998,0.0
-8.726099999999997,0.8125,-8.726099999999997,0.0
-8.750749999999998,0.8125,-8.750749999999998,0.003125
-8.775399999999998,0.8125,-8.775399999999998,0.003125
-8.800049999999997,0.8125,-8.800049999999997,0.0
-8.824699999999998,0.8125,-8.824699999999998,0.003125
-8.849349999999998,0.8125,-8.849349999999998,0.0
-8.873999999999997,0.8125,-8.873999999999997,0.003125
-8.898649999999998,0.75,-8.898649999999998,0.0
-8.923299999999998,0.75,-8.923299999999998,0.00625
-8.947949999999997,0.75,-8.947949999999997,0.003125
-8.972599999999998,0.8125,-8.972599999999998,0.0
-8.997249999999998,0.75,-8.997249999999998,-0.003125
-9.021899999999997,0.75,-9.021899999999997,0.003125
-9.046549999999998,0.8125,-9.046549999999998,0.0
-9.071199999999997,0.8125,-9.071199999999997,0.0
-9.095849999999997,0.75,-9.095849999999997,0.0
-9.120499999999998,0.8125,-9.120499999999998,0.003125
-9.145149999999997,0.8125,-9.145149999999997,0.0
-9.169799999999997,0.75,-9.169799999999997,0.003125
-9.194449999999998,0.8125,-9.194449999999998,0.003125
-9.219099999999997,0.75,-9.219099999999997,0.003125
-9.243749999999997,0.75,-9.243749999999997,0.0
-9.268399999999998,0.875,-9.268399999999998,0.0
-9.293049999999997,0.8125,-9.293049999999997,0.0
-9.317699999999997,0.75,-9.317699999999997,0.003125
-9.342349999999998,0.8125,-9.342349999999998,0.0
-9.366999999999997,0.8125,-9.366999999999997,0.0
-9.391649999999997,0.8125,-9.391649999999997,0.0
-9.416299999999998,0.8125,-9.416299999999998,0.003125
-9.440949999999997,0.8125,-9.440949999999997,0.003125
-9.465599999999997,0.75,-9.465599999999997,0.0
-9.490249999999998,0.75,-9.490249999999998,0.0
-9.514899999999997,0.8125,-9.514899999999997,0.0
-9.539549999999997,0.8125,-9.539549999999997,0.0
-9.564199999999998,0.75,-9.564199999999998,0.0
-9.588849999999997,0.8125,-9.588849999999997,0.0
-9.613499999999997,0.8125,-9.613499999999997,0.00625
-9.638149999999998,0.8125,-9.638149999999998,0.0
-9.662799999999997,0.75,-9.662799999999997,0.0
-9.687449999999997,0.8125,-9.687449999999997,0.0
-9.712099999999998,0.8125,-9.712099999999998,0.003125
-9.736749999999997,0.8125,-9.736749999999997,0.0
-9.761399999999997,0.8125,-9.761399999999997,0.0
-9.786049999999998,0.8125,-9.786049999999998,0.0
-9.810699999999997,0.8125,-9.810699999999997,-0.003125
-9.835349999999996,0.75,-9.835349999999996,0.0
-9.859999999999998,0.8125,-9.859999999999998,0.0
-9.884649999999997,0.8125,-9.884649999999997,0.003125
-9.909299999999996,0.75,-9.909299999999996,0.0
-9.933949999999998,0.8125,-9.933949999999998,0.0
-9.958599999999997,0.75,-9.958599999999997,0.003125
-9.983249999999998,0.75,-9.983249999999998,0.003125
-10.007899999999998,0.8125,-10.007899999999998,0.0
-10.032549999999997,0.8125,-10.032549999999997,0.003125
-10.057199999999998,0.875,-10.057199999999998,-0.003125
-10.081849999999998,0.8125,-10.081849999999998,0.0
-10.106499999999997,0.8125,-10.106499999999997,0.0
-10.131149999999998,0.8125,-10.131149999999998,0.003125
-10.155799999999997,0.8125,-10.155799999999997,0.0
-10.180449999999997,0.75,-10.180449999999997,0.003125
-10.205099999999998,0.75,-10.205099999999998,0.0
-10.229749999999997,0.875,-10.229749999999997,-0.003125
-10.254399999999997,0.8125,-10.254399999999997,0.0
-10.279049999999998,0.8125,-10.279049999999998,0.0
-10.303699999999997,0.8125,-10.303699999999997,0.0
-10.328349999999997,0.8125,-10.328349999999997,-0.003125
-10.352999999999998,0.8125,-10.352999999999998,0.0
-10.377649999999997,0.75,-10.377649999999997,0.003125
-10.402299999999997,0.8125,-10.402299999999997,0.003125
-10.426949999999998,0.8125,-10.426949999999998,0.003125
-10.451599999999997,0.875,-10.451599999999997,0.0
-10.476249999999997,0.8125,-10.476249999999997,0.0
-10.500899999999998,0.8125,-10.500899999999998,0.0
-10.525549999999997,0.8125,-10.525549999999997,-0.003125
-10.550199999999997,0.875,-10.550199999999997,0.0
-10.574849999999998,0.875,-10.574849999999998,0.003125
-10.599499999999997,0.8125,-10.599499999999997,0.0
-10.624149999999997,0.875,-10.624149999999997,0.0
-10.648799999999998,0.8125,-10.648799999999998,0.0
-10.673449999999997,0.8125,-10.673449999999997,0.0
-10.698099999999997,0.8125,-10.698099999999997,0.003125
-10.722749999999998,0.875,-10.722749999999998,0.003125
-10.747399999999997,0.8125,-10.747399999999997,-0.003125
-10.772049999999997,0.75,-10.772049999999997,0.0
-10.796699999999998,0.75,-10.796699999999998,-0.003125
-10.821349999999997,0.8125,-10.821349999999997,0.0
-10.845999999999997,0.8125,-10.845999999999997,0.003125
-10.870649999999998,0.8125,-10.870649999999998,0.0
-10.895299999999997,0.8125,-10.895299999999997,0.003125
-10.919949999999996,0.8125,-10.919949999999996,0.003125
-10.944599999999998,0.8125,-10.944599999999998,0.003125
-10.969249999999997,0.8125,-10.969249999999997,0.0
-10.993899999999996,0.875,-10.993899999999996,0.00625
-11.018549999999998,0.8125,-11.018549999999998,0.003125
-11.043199999999997,0.8125,-11.043199999999997,0.0
-11.067849999999996,0.875,-11.067849999999996,0.0
-11.092499999999998,0.8125,-11.092499999999998,0.0
-11.117149999999997,0.8125,-11.117149999999997,0.0
-11.141799999999996,0.75,-11.141799999999996,0.0
-11.166449999999998,0.8125,-11.166449999999998,0.0
-11.191099999999997,0.75,-11.191099999999997,0.003125
-11.215749999999996,0.8125,-11.215749999999996,0.0
-11.240399999999998,0.8125,-11.240399999999998,0.003125
-11.265049999999997,0.8125,-11.265049999999997,0.0
-11.289699999999996,0.8125,-11.289699999999996,0.003125
-11.314349999999997,0.8125,-11.314349999999997,0.0
-11.338999999999997,0.8125,-11.338999999999997,0.0
-11.363649999999996,0.8125,-11.363649999999996,-0.003125
-11.388299999999997,0.8125,-11.388299999999997,0.0
-11.412949999999997,0.75,-11.412949999999997,0.003125
-11.437599999999996,0.75,-11.437599999999996,0.003125
-11.462249999999997,0.8125,-11.462249999999997,0.003125
-11.486899999999997,0.8125,-11.486899999999997,0.0
-11.511549999999996,0.8125,-11.511549999999996,0.0
-11.536199999999997,0.8125,-11.536199999999997,0.0
-11.560849999999997,0.75,-11.560849999999997,0.0
-11.585499999999996,0.8125,-11.585499999999996,0.003125
-11.610149999999997,0.875,-11.610149999999997,0.0
-11.634799999999997,0.75,-11.634799999999997,0.003125
-11.659449999999996,0.8125,-11.659449999999996,0.0
-11.684099999999997,0.875,-11.684099999999997,0.003125
-11.708749999999997,0.8125,-11.708749999999997,0.0
-11.733399999999996,0.8125,-11.733399999999996,0.0
-11.758049999999997,0.8125,-11.758049999999997,0.003125
-11.782699999999997,0.8125,-11.782699999999997,-0.003125
-11.807349999999998,0.75,-11.807349999999998,0.0
-11.831999999999997,0.75,-11.831999999999997,0.0
-11.856649999999997,0.8125,-11.856649999999997,0.0
-11.881299999999998,0.8125,-11.881299999999998,0.0
-11.905949999999997,0.75,-11.905949999999997,0.0
-11.930599999999997,0.8125,-11.930599999999997,0.0
-11.955249999999998,0.8125,-11.955249999999998,0.003125
-11.979899999999997,0.8125,-11.979899999999997,0.0
-12.004549999999997,0.8125,-12.004549999999997,0.0
-12.029199999999998,0.75,-12.029199999999998,0.003125
-12.053849999999997,0.8125,-12.053849999999997,0.0
-12.078499999999996,0.8125,-12.078499999999996,0.0
-12.103149999999998,0.8125,-12.103149999999998,0.0
-12.127799999999997,0.8125,-12.127799999999997,0.003125
-12.152449999999996,0.75,-12.152449999999996,0.0
-12.177099999999998,0.8125,-12.177099999999998,0.0
-12.201749999999997,0.8125,-12.201749999999997,-0.003125
-12.226399999999996,0.8125,-12.226399999999996,0.00625
-12.251049999999998,0.8125,-12.251049999999998,0.0
-12.275699999999997,0.8125,-12.275699999999997,0.0
-12.300349999999996,0.8125,-12.300349999999996,0.0
-12.324999999999998,0.75,-12.324999999999998,0.0
-12.349649999999997,0.8125,-12.349649999999997,0.0
-12.374299999999996,0.75,-12.374299999999996,0.0
-12.398949999999997,0.8125,-12.398949999999997,0.0
-12.423599999999997,0.8125,-12.423599999999997,0.0
-12.448249999999996,0.8125,-12.448249999999996,0.0
-12.472899999999997,0.8125,-12.472899999999997,0.0
-12.497549999999997,0.75,-12.497549999999997,0.003125
-12.522199999999996,0.8125,-12.522199999999996,0.0
-12.546849999999997,0.8125,-12.546849999999997,0.0
-12.571499999999997,0.8125,-12.571499999999997,0.003125
-12.596149999999996,0.8125,-12.596149999999996,0.0
-12.620799999999997,0.8125,-12.620799999999997,0.0
-12.645449999999997,0.75,-12.645449999999997,0.003125
-12.670099999999996,0.75,-12.670099999999996,0.003125
-12.694749999999997,0.8125,-12.694749999999997,0.003125
-12.719399999999997,0.6875,-12.719399999999997,0.0
-12.744049999999996,0.875,-12.744049999999996,0.0
-12.768699999999997,0.75,-12.768699999999997,-0.003125
-12.793349999999997,0.8125,-12.793349999999997,0.0
-12.817999999999996,0.75,-12.817999999999996,-0.003125
-12.842649999999997,0.8125,-12.842649999999997,0.003125
-12.867299999999997,0.8125,-12.867299999999997,0.003125
-12.891949999999996,0.75,-12.891949999999996,0.003125
-12.916599999999997,0.875,-12.916599999999997,-0.003125
-12.941249999999997,0.75,-12.941249999999997,0.0
-12.965899999999996,0.75,-12.965899999999996,0.003125
-12.990549999999997,0.9375,-12.990549999999997,-0.003125
-13.015199999999997,0.8125,-13.015199999999997,0.0
-13.039849999999996,0.8125,-13.039849999999996,0.0
-13.064499999999997,0.75,-13.064499999999997,0.0
-13.089149999999997,0.8125,-13.089149999999997,0.0
-13.113799999999996,0.8125,-13.113799999999996,0.003125
-13.138449999999997,0.75,-13.138449999999997,-0.003125
-13.163099999999996,0.875,-13.163099999999996,0.003125
-13.187749999999996,0.75,-13.187749999999996,-0.003125
-13.212399999999997,0.8125,-13.212399999999997,0.0
-13.237049999999996,0.75,-13.237049999999996,0.003125
-13.261699999999996,0.75,-13.261699999999996,0.003125
-13.286349999999997,0.8125,-13.286349999999997,0.0
-13.310999999999996,0.8125,-13.310999999999996,0.0
-13.335649999999996,0.8125,-13.335649999999996,0.0
-13.360299999999997,0.75,-13.360299999999997,0.0
-13.384949999999996,0.8125,-13.384949999999996,0.003125
-13.409599999999996,0.75,-13.409599999999996,0.0
-13.434249999999997,0.8125,-13.434249999999997,0.0
-13.458899999999996,0.8125,-13.458899999999996,0.003125
-13.483549999999996,0.8125,-13.483549999999996,0.00625
-13.508199999999997,0.8125,-13.508199999999997,0.003125
-13.532849999999996,0.8125,-13.532849999999996,0.003125
-13.557499999999997,0.75,-13.557499999999997,0.003125
-13.582149999999997,0.8125,-13.582149999999997,0.0
-13.606799999999996,0.75,-13.606799999999996,0.003125
-13.631449999999997,0.875,-13.631449999999997,0.003125
-13.656099999999997,0.8125,-13.656099999999997,0.0
-13.680749999999996,0.8125,-13.680749999999996,0.0
-13.705399999999997,0.875,-13.705399999999997,0.0
-13.730049999999997,0.8125,-13.730049999999997,0.003125
-13.754699999999996,0.8125,-13.754699999999996,0.0
-13.779349999999997,0.75,-13.779349999999997,0.0
-13.803999999999997,0.875,-13.803999999999997,0.003125
-13.828649999999996,0.8125,-13.828649999999996,0.003125
-13.853299999999997,0.8125,-13.853299999999997,0.0
-13.877949999999997,0.8125,-13.877949999999997,0.003125
-13.902599999999996,0.875,-13.902599999999996,0.003125
-13.927249999999997,0.875,-13.927249999999997,0.0
-13.951899999999997,0.75,-13.951899999999997,0.0
-13.976549999999996,0.8125,-13.976549999999996,-0.003125
-14.001199999999997,0.75,-14.001199999999997,0.0
-14.025849999999997,0.875,-14.025849999999997,0.0
-14.050499999999996,0.75,-14.050499999999996,0.0
-14.075149999999997,0.6875,-14.075149999999997,0.003125
-14.099799999999997,0.8125,-14.099799999999997,0.0
-14.124449999999996,0.8125,-14.124449999999996,0.0
-14.149099999999997,0.75,-14.149099999999997,-0.003125
-14.173749999999997,0.8125,-14.173749999999997,0.0
-14.198399999999996,0.8125,-14.198399999999996,0.003125
-14.223049999999997,0.75,-14.223049999999997,0.0
-14.247699999999996,0.8125,-14.247699999999996,0.0
-14.272349999999996,0.8125,-14.272349999999996,0.0
-14.296999999999997,0.8125,-14.296999999999997,0.003125
-14.321649999999996,0.8125,-14.321649999999996,0.003125
-14.346299999999996,0.8125,-14.346299999999996,0.00625
-14.370949999999997,0.8125,-14.370949999999997,0.0
-14.395599999999996,0.8125,-14.395599999999996,0.003125
-14.420249999999996,0.8125,-14.420249999999996,0.0
-14.444899999999997,0.8125,-14.444899999999997,0.003125
-14.469549999999996,0.8125,-14.469549999999996,0.0
-14.494199999999996,0.75,-14.494199999999996,0.0
-14.518849999999997,0.75,-14.518849999999997,0.003125
-14.543499999999996,0.8125,-14.543499999999996,0.00625
-14.568149999999996,0.6875,-14.568149999999996,0.003125
-14.592799999999997,0.8125,-14.592799999999997,0.003125
-14.617449999999996,0.875,-14.617449999999996,0.003125
-14.642099999999996,0.8125,-14.642099999999996,0.003125
-14.666749999999997,0.8125,-14.666749999999997,0.0
-14.691399999999996,0.8125,-14.691399999999996,0.0
-14.716049999999996,0.75,-14.716049999999996,0.0
-14.740699999999997,0.8125,-14.740699999999997,0.003125
-14.765349999999996,0.8125,-14.765349999999996,0.0
-14.789999999999996,0.8125,-14.789999999999996,0.003125
-14.814649999999997,0.875,-14.814649999999997,0.003125
-14.839299999999996,0.8125,-14.839299999999996,0.0
-14.863949999999996,0.8125,-14.863949999999996,0.0
-14.888599999999997,0.75,-14.888599999999997,-0.003125
-14.913249999999996,0.8125,-14.913249999999996,0.003125
-14.937899999999996,0.875,-14.937899999999996,0.0
-14.962549999999997,0.75,-14.962549999999997,0.0
-14.987199999999996,0.8125,-14.987199999999996,0.0
-15.011849999999995,0.8125,-15.011849999999995,0.003125
-15.036499999999997,0.8125,-15.036499999999997,0.0
-15.061149999999996,0.8125,-15.061149999999996,-0.003125
-15.085799999999995,0.8125,-15.085799999999995,0.0
-15.110449999999997,0.8125,-15.110449999999997,0.003125
-15.135099999999996,0.8125,-15.135099999999996,0.0
-15.159749999999995,0.75,-15.159749999999995,0.0
-15.184399999999997,0.75,-15.184399999999997,0.0
-15.209049999999996,0.8125,-15.209049999999996,0.0
-15.233699999999995,0.875,-15.233699999999995,0.0
-15.258349999999997,0.8125,-15.258349999999997,0.003125
-15.282999999999996,0.8125,-15.282999999999996,0.0
-15.307649999999995,0.8125,-15.307649999999995,0.0
-15.332299999999996,0.75,-15.332299999999996,0.0
-15.356949999999996,0.8125,-15.356949999999996,0.0
-15.381599999999997,0.875,-15.381599999999997,0.003125
-15.406249999999996,0.875,-15.406249999999996,0.003125
-15.430899999999996,0.8125,-15.430899999999996,0.003125
-15.455549999999997,0.8125,-15.455549999999997,0.0
-15.480199999999996,0.8125,-15.480199999999996,0.0
-15.504849999999996,0.8125,-15.504849999999996,0.003125
-15.529499999999997,0.8125,-15.529499999999997,0.0
-15.554149999999996,0.8125,-15.554149999999996,0.0
-15.578799999999996,0.8125,-15.578799999999996,0.0
-15.603449999999997,0.75,-15.603449999999997,0.003125
-15.628099999999996,0.875,-15.628099999999996,0.003125
-15.652749999999996,0.8125,-15.652749999999996,0.0
-15.677399999999997,0.8125,-15.677399999999997,0.003125
-15.702049999999996,0.8125,-15.702049999999996,0.0
-15.726699999999996,0.75,-15.726699999999996,-0.003125
-15.751349999999997,0.75,-15.751349999999997,0.0
-15.775999999999996,0.875,-15.775999999999996,0.0
-15.800649999999996,0.75,-15.800649999999996,0.003125
-15.825299999999997,0.8125,-15.825299999999997,0.0
-15.849949999999996,0.8125,-15.849949999999996,0.0
-15.874599999999996,0.75,-15.874599999999996,-0.003125
-15.899249999999997,0.75,-15.899249999999997,0.0
-15.923899999999996,0.8125,-15.923899999999996,0.0
-15.948549999999996,0.8125,-15.948549999999996,0.0
-15.973199999999997,0.8125,-15.973199999999997,0.0
-15.997849999999996,0.8125,-15.997849999999996,0.003125
-16.022499999999997,0.75,-16.022499999999997,0.0
-16.04715,0.8125,-16.04715,0.003125
-16.071799999999996,0.75,-16.071799999999996,0.003125
-16.096449999999997,0.8125,-16.096449999999997,0.003125
-16.1211,0.75,-16.1211,0.003125
-16.145749999999996,0.8125,-16.145749999999996,0.0
-16.170399999999997,0.75,-16.170399999999997,0.0
-16.19505,0.75,-16.19505,0.003125
-16.219699999999996,0.8125,-16.219699999999996,0.0
-16.244349999999997,0.8125,-16.244349999999997,0.0
-16.269,0.875,-16.269,0.0
-16.29365,0.8125,-16.29365,0.003125
-16.318299999999997,0.8125,-16.318299999999997,0.003125
-16.34295,0.8125,-16.34295,0.0
-16.3676,0.875,-16.3676,0.0
-16.392249999999997,0.8125,-16.392249999999997,0.003125
-16.4169,0.8125,-16.4169,0.003125
-16.44155,0.8125,-16.44155,0.0
-16.466199999999997,0.8125,-16.466199999999997,0.003125
-16.49085,0.875,-16.49085,-0.003125
-16.5155,0.8125,-16.5155,0.0
-16.540149999999997,0.8125,-16.540149999999997,0.0
-16.564799999999998,0.75,-16.564799999999998,0.003125
-16.58945,0.8125,-16.58945,0.0
-16.614099999999997,0.75,-16.614099999999997,0.0
-16.638749999999998,0.8125,-16.638749999999998,0.0
-16.6634,0.875,-16.6634,0.0
-16.688049999999997,0.8125,-16.688049999999997,0.003125
-16.712699999999998,0.8125,-16.712699999999998,0.0
-16.73735,0.8125,-16.73735,-0.003125
-16.761999999999997,0.75,-16.761999999999997,0.003125
-16.786649999999998,0.75,-16.786649999999998,0.0
-16.8113,0.8125,-16.8113,0.003125
-16.835949999999997,0.8125,-16.835949999999997,0.0
-16.860599999999998,0.8125,-16.860599999999998,0.0
-16.88525,0.8125,-16.88525,0.0
-16.909899999999997,0.75,-16.909899999999997,0.003125
-16.934549999999998,0.75,-16.934549999999998,0.0
-16.9592,0.8125,-16.9592,0.0
-16.983849999999997,0.8125,-16.983849999999997,0.003125
-17.008499999999998,0.8125,-17.008499999999998,0.0
-17.03315,0.875,-17.03315,0.0
-17.057799999999997,0.8125,-17.057799999999997,0.003125
-17.082449999999998,0.8125,-17.082449999999998,0.0
-17.1071,0.875,-17.1071,0.0
-17.131749999999997,0.8125,-17.131749999999997,0.003125
-17.156399999999998,0.875,-17.156399999999998,0.003125
-17.18105,0.8125,-17.18105,-0.003125
-17.205699999999997,0.75,-17.205699999999997,0.003125
-17.230349999999998,0.875,-17.230349999999998,-0.003125
-17.255,0.8125,-17.255,-0.003125
-17.279649999999997,0.8125,-17.279649999999997,0.0
-17.304299999999998,0.8125,-17.304299999999998,0.0
-17.32895,0.875,-17.32895,0.0
-17.353599999999997,0.8125,-17.353599999999997,0.003125
-17.378249999999998,0.75,-17.378249999999998,0.003125
-17.4029,0.8125,-17.4029,0.0
-17.427549999999997,0.8125,-17.427549999999997,0.003125
-17.452199999999998,0.8125,-17.452199999999998,0.003125
-17.47685,0.8125,-17.47685,0.00625
-17.501499999999997,0.75,-17.501499999999997,0.0
-17.526149999999998,0.75,-17.526149999999998,0.003125
-17.5508,0.75,-17.5508,0.0
-17.575449999999996,0.8125,-17.575449999999996,0.0
-17.600099999999998,0.75,-17.600099999999998,0.0
-17.62475,0.8125,-17.62475,0.003125
-17.649399999999996,0.8125,-17.649399999999996,0.0
-17.674049999999998,0.8125,-17.674049999999998,0.0
-17.6987,0.8125,-17.6987,0.003125
-17.723349999999996,0.8125,-17.723349999999996,0.0
-17.747999999999998,0.875,-17.747999999999998,0.0
-17.77265,0.8125,-17.77265,0.003125
-17.797299999999996,0.75,-17.797299999999996,0.003125
-17.821949999999998,0.8125,-17.821949999999998,0.0
-17.8466,0.8125,-17.8466,0.0
-17.871249999999996,0.8125,-17.871249999999996,0.0
-17.895899999999997,0.8125,-17.895899999999997,0.0
-17.92055,0.75,-17.92055,0.0
-17.945199999999996,0.875,-17.945199999999996,0.0
-17.969849999999997,0.8125,-17.969849999999997,0.0
-17.9945,0.8125,-17.9945,0.003125
-18.019149999999996,0.8125,-18.019149999999996,0.0
-18.043799999999997,0.8125,-18.043799999999997,0.003125
-18.06845,0.8125,-18.06845,0.0
-18.093099999999996,0.6875,-18.093099999999996,0.003125
-18.117749999999997,0.75,-18.117749999999997,0.0
-18.1424,0.75,-18.1424,0.0
-18.167049999999996,0.8125,-18.167049999999996,0.003125
-18.191699999999997,0.75,-18.191699999999997,0.0
-18.21635,0.8125,-18.21635,-0.003125
-18.240999999999996,0.8125,-18.240999999999996,0.003125
-18.265649999999997,0.75,-18.265649999999997,0.003125
-18.2903,0.75,-18.2903,0.0
-18.314949999999996,0.75,-18.314949999999996,0.003125
-18.339599999999997,0.75,-18.339599999999997,0.0
-18.36425,0.8125,-18.36425,0.003125
-18.388899999999996,0.75,-18.388899999999996,0.0
-18.413549999999997,0.8125,-18.413549999999997,0.0
-18.4382,0.875,-18.4382,0.003125
-18.462849999999996,0.75,-18.462849999999996,0.0
-18.487499999999997,0.75,-18.487499999999997,0.0
-18.51215,0.8125,-18.51215,0.0
-18.536799999999996,0.8125,-18.536799999999996,0.003125
-18.561449999999997,0.8125,-18.561449999999997,0.003125
-18.5861,0.8125,-18.5861,0.0
-18.610749999999996,0.8125,-18.610749999999996,0.0
-18.635399999999997,0.8125,-18.635399999999997,0.0
-18.66005,0.8125,-18.66005,0.0
-18.684699999999996,0.8125,-18.684699999999996,0.0
-18.709349999999997,0.8125,-18.709349999999997,0.003125
-18.733999999999998,0.8125,-18.733999999999998,0.0
-18.758649999999996,0.8125,-18.758649999999996,0.0
-18.783299999999997,0.8125,-18.783299999999997,0.0
-18.807949999999998,0.8125,-18.807949999999998,0.0
-18.832599999999996,0.8125,-18.832599999999996,0.003125
-18.857249999999997,0.8125,-18.857249999999997,0.003125
-18.881899999999998,0.8125,-18.881899999999998,0.0
-18.906549999999996,0.8125,-18.906549999999996,0.0
-18.931199999999997,0.875,-18.931199999999997,0.003125
-18.955849999999998,0.75,-18.955849999999998,0.0
-18.980499999999996,0.8125,-18.980499999999996,0.0
-19.005149999999997,0.75,-19.005149999999997,0.0
-19.029799999999998,0.8125,-19.029799999999998,0.0
-19.054449999999996,0.75,-19.054449999999996,0.0
-19.079099999999997,0.8125,-19.079099999999997,0.0
-19.103749999999998,0.8125,-19.103749999999998,0.003125
-19.128399999999996,0.8125,-19.128399999999996,0.0
-19.153049999999997,0.875,-19.153049999999997,0.003125
-19.177699999999998,0.8125,-19.177699999999998,0.003125
-19.202349999999996,0.875,-19.202349999999996,-0.003125
-19.226999999999997,0.8125,-19.226999999999997,-0.003125
-19.251649999999998,0.75,-19.251649999999998,0.0
-19.276299999999996,0.8125,-19.276299999999996,0.0
-19.300949999999997,0.8125,-19.300949999999997,0.003125
-19.325599999999998,0.8125,-19.325599999999998,0.003125
-19.350249999999996,0.8125,-19.350249999999996,0.0
-19.374899999999997,0.8125,-19.374899999999997,0.0
-19.399549999999998,0.8125,-19.399549999999998,0.0
-19.424199999999995,0.8125,-19.424199999999995,0.003125
-19.448849999999997,0.75,-19.448849999999997,0.0
-19.473499999999998,0.75,-19.473499999999998,0.0
-19.498149999999995,0.8125,-19.498149999999995,0.003125
-19.522799999999997,0.75,-19.522799999999997,0.003125
-19.547449999999998,0.75,-19.547449999999998,0.003125
-19.572099999999995,0.8125,-19.572099999999995,0.003125
-19.596749999999997,0.75,-19.596749999999997,0.0
-19.621399999999998,0.875,-19.621399999999998,0.0
-19.646049999999995,0.75,-19.646049999999995,0.003125
-19.670699999999997,0.875,-19.670699999999997,0.003125
-19.695349999999998,0.75,-19.695349999999998,0.0
-19.719999999999995,0.8125,-19.719999999999995,0.0
-19.744649999999996,0.8125,-19.744649999999996,0.003125
-19.769299999999998,0.8125,-19.769299999999998,0.0
-19.793949999999995,0.75,-19.793949999999995,0.003125
-19.818599999999996,0.75,-19.818599999999996,0.003125
-19.843249999999998,0.8125,-19.843249999999998,0.003125
-19.8679,0.8125,-19.8679,0.003125
-19.892549999999996,0.875,-19.892549999999996,0.0
-19.917199999999998,0.8125,-19.917199999999998,0.0
-19.94185,0.8125,-19.94185,0.0
-19.966499999999996,0.8125,-19.966499999999996,0.0
-19.991149999999998,0.75,-19.991149999999998,0.003125
-20.0158,0.8125,-20.0158,-0.003125
-20.040449999999996,0.75,-20.040449999999996,0.0
-20.065099999999997,0.8125,-20.065099999999997,0.0
-20.08975,0.75,-20.08975,0.0
-20.114399999999996,0.8125,-20.114399999999996,0.0
-20.139049999999997,0.8125,-20.139049999999997,0.0
-20.1637,0.75,-20.1637,0.0
-20.188349999999996,0.8125,-20.188349999999996,0.003125
-20.212999999999997,0.8125,-20.212999999999997,0.003125
-20.23765,0.75,-20.23765,0.0
-20.262299999999996,0.75,-20.262299999999996,0.003125
-20.286949999999997,0.8125,-20.286949999999997,0.003125
-20.3116,0.8125,-20.3116,0.0
-20.336249999999996,0.8125,-20.336249999999996,0.0
-20.360899999999997,0.8125,-20.360899999999997,-0.003125
-20.38555,0.8125,-20.38555,0.0
-20.410199999999996,0.75,-20.410199999999996,0.0
-20.434849999999997,0.75,-20.434849999999997,0.0
-20.4595,0.8125,-20.4595,0.0
-20.484149999999996,0.75,-20.484149999999996,0.0
-20.508799999999997,0.8125,-20.508799999999997,0.0
-20.53345,0.75,-20.53345,0.003125
-20.558099999999996,0.8125,-20.558099999999996,0.0
-20.582749999999997,0.8125,-20.582749999999997,0.0
-20.6074,0.8125,-20.6074,0.0
-20.632049999999996,0.75,-20.632049999999996,0.0
-20.656699999999997,0.8125,-20.656699999999997,0.003125
-20.68135,0.75,-20.68135,0.0
-20.705999999999996,0.8125,-20.705999999999996,0.0
-20.730649999999997,0.75,-20.730649999999997,0.0
-20.7553,0.8125,-20.7553,0.0
-20.779949999999996,0.8125,-20.779949999999996,0.0
-20.804599999999997,0.75,-20.804599999999997,0.0
-20.82925,0.8125,-20.82925,0.0
-20.853899999999996,0.75,-20.853899999999996,0.003125
-20.878549999999997,0.8125,-20.878549999999997,0.0
-20.9032,0.875,-20.9032,0.0
-20.927849999999996,0.75,-20.927849999999996,0.003125
-20.952499999999997,0.8125,-20.952499999999997,0.0
-20.977149999999998,0.75,-20.977149999999998,0.0
-21.001799999999996,0.8125,-21.001799999999996,0.0
-21.026449999999997,0.8125,-21.026449999999997,0.0
-21.051099999999998,0.75,-21.051099999999998,0.0
-21.075749999999996,0.75,-21.075749999999996,0.0
-21.100399999999997,0.8125,-21.100399999999997,0.003125
-21.125049999999998,0.8125,-21.125049999999998,0.003125
-21.149699999999996,0.8125,-21.149699999999996,0.003125
-21.174349999999997,0.8125,-21.174349999999997,0.0
-21.198999999999998,0.8125,-21.198999999999998,0.003125
-21.223649999999996,0.8125,-21.223649999999996,0.0
-21.248299999999997,0.75,-21.248299999999997,0.003125
-21.272949999999998,0.8125,-21.272949999999998,0.003125
-21.297599999999996,0.875,-21.297599999999996,0.0
-21.322249999999997,0.8125,-21.322249999999997,0.0
-21.346899999999998,0.8125,-21.346899999999998,0.003125
-21.371549999999996,0.75,-21.371549999999996,0.0
-21.396199999999997,0.75,-21.396199999999997,0.003125
-21.420849999999998,0.75,-21.420849999999998,-0.003125
-21.445499999999996,0.75,-21.445499999999996,0.0
-21.470149999999997,0.8125,-21.470149999999997,0.0
-21.494799999999998,0.8125,-21.494799999999998,0.0
-21.519449999999996,0.8125,-21.519449999999996,-0.003125
-21.544099999999997,0.875,-21.544099999999997,0.003125
-21.568749999999998,0.8125,-21.568749999999998,0.0
-21.593399999999995,0.875,-21.593399999999995,0.0
-21.618049999999997,0.8125,-21.618049999999997,0.0
-21.642699999999998,0.75,-21.642699999999998,0.0
-21.667349999999995,0.8125,-21.667349999999995,0.003125
-21.691999999999997,0.8125,-21.691999999999997,0.003125
-21.716649999999998,0.8125,-21.716649999999998,0.0
-21.741299999999995,0.8125,-21.741299999999995,0.0
-21.765949999999997,0.8125,-21.765949999999997,0.0
-21.790599999999998,0.8125,-21.790599999999998,0.003125
-21.815249999999995,0.8125,-21.815249999999995,0.0
-21.839899999999997,0.8125,-21.839899999999997,0.0
-21.864549999999998,0.75,-21.864549999999998,0.003125
-21.889199999999995,0.75,-21.889199999999995,0.0
-21.913849999999996,0.8125,-21.913849999999996,0.0
-21.938499999999998,0.8125,-21.938499999999998,0.0
-21.963149999999995,0.75,-21.963149999999995,0.0
-21.987799999999996,0.8125,-21.987799999999996,0.003125
-22.012449999999998,0.8125,-22.012449999999998,0.0
-22.037099999999995,0.75,-22.037099999999995,0.003125
-22.061749999999996,0.875,-22.061749999999996,0.0
-22.086399999999998,0.8125,-22.086399999999998,0.003125
-22.111049999999995,0.875,-22.111049999999995,0.0
-22.135699999999996,0.8125,-22.135699999999996,0.0
-22.160349999999998,0.8125,-22.160349999999998,0.003125
-22.184999999999995,0.8125,-22.184999999999995,0.0
-22.209649999999996,0.8125,-22.209649999999996,-0.003125
-22.234299999999998,0.8125,-22.234299999999998,0.003125
-22.258949999999995,0.75,-22.258949999999995,0.0
-22.283599999999996,0.8125,-22.283599999999996,0.003125
-22.308249999999997,0.8125,-22.308249999999997,0.003125
-22.332899999999995,0.8125,-22.332899999999995,0.0
-22.357549999999996,0.8125,-22.357549999999996,0.003125
-22.382199999999997,0.8125,-22.382199999999997,0.0
-22.406849999999995,0.8125,-22.406849999999995,0.0
-22.431499999999996,0.875,-22.431499999999996,-0.003125
-22.456149999999997,0.8125,-22.456149999999997,0.003125
-22.480799999999995,0.8125,-22.480799999999995,0.0
-22.505449999999996,0.8125,-22.505449999999996,0.0
-22.530099999999997,0.8125,-22.530099999999997,0.0
-22.554749999999995,0.75,-22.554749999999995,0.0
-22.579399999999996,0.875,-22.579399999999996,0.0
-22.604049999999997,0.875,-22.604049999999997,0.0
-22.628699999999995,0.75,-22.628699999999995,0.0
-22.653349999999996,0.75,-22.653349999999996,-0.003125
-22.677999999999997,0.8125,-22.677999999999997,0.003125
-22.702649999999995,0.8125,-22.702649999999995,0.0
-22.727299999999996,0.8125,-22.727299999999996,0.0
-22.751949999999997,0.75,-22.751949999999997,0.003125
-22.776599999999995,0.8125,-22.776599999999995,-0.003125
-22.801249999999996,0.8125,-22.801249999999996,0.00625
-22.825899999999997,0.875,-22.825899999999997,0.0
-22.850549999999995,0.75,-22.850549999999995,-0.003125
-22.875199999999996,0.8125,-22.875199999999996,-0.003125
-22.899849999999997,0.8125,-22.899849999999997,0.0
-22.924499999999995,0.8125,-22.924499999999995,0.003125
-22.949149999999996,0.75,-22.949149999999996,0.0
-22.973799999999997,0.8125,-22.973799999999997,0.0
-22.998449999999995,0.875,-22.998449999999995,0.0
-23.023099999999996,0.75,-23.023099999999996,0.0
-23.047749999999997,0.8125,-23.047749999999997,0.0
-23.072399999999995,0.8125,-23.072399999999995,0.003125
-23.097049999999996,0.8125,-23.097049999999996,0.0
-23.121699999999997,0.8125,-23.121699999999997,0.0
-23.146349999999995,0.8125,-23.146349999999995,0.0
-23.170999999999996,0.8125,-23.170999999999996,0.003125
-23.195649999999997,0.8125,-23.195649999999997,0.003125
-23.220299999999995,0.8125,-23.220299999999995,0.0
-23.244949999999996,0.8125,-23.244949999999996,0.003125
-23.269599999999997,0.875,-23.269599999999997,0.003125
-23.294249999999995,0.8125,-23.294249999999995,0.003125
-23.318899999999996,0.8125,-23.318899999999996,0.003125
-23.343549999999997,0.8125,-23.343549999999997,0.003125
-23.368199999999995,0.8125,-23.368199999999995,0.003125
-23.392849999999996,0.8125,-23.392849999999996,0.003125
-23.417499999999997,0.75,-23.417499999999997,0.0
-23.442149999999994,0.8125,-23.442149999999994,0.0
-23.466799999999996,0.8125,-23.466799999999996,-0.003125
-23.491449999999997,0.75,-23.491449999999997,0.003125
-23.516099999999998,0.8125,-23.516099999999998,0.0
-23.540749999999996,0.8125,-23.540749999999996,0.0
-23.565399999999997,0.8125,-23.565399999999997,0.0
-23.590049999999998,0.875,-23.590049999999998,0.003125
-23.614699999999996,0.8125,-23.614699999999996,-0.003125
-23.639349999999997,0.8125,-23.639349999999997,0.0
-23.663999999999998,0.75,-23.663999999999998,0.003125
-23.688649999999996,0.8125,-23.688649999999996,0.003125
-23.713299999999997,0.75,-23.713299999999997,0.003125
-23.737949999999998,0.8125,-23.737949999999998,0.003125
-23.762599999999996,0.8125,-23.762599999999996,0.003125
-23.787249999999997,0.8125,-23.787249999999997,0.0
-23.811899999999998,0.75,-23.811899999999998,0.0
-23.836549999999995,0.8125,-23.836549999999995,0.003125
-23.861199999999997,0.8125,-23.861199999999997,0.0
-23.885849999999998,0.8125,-23.885849999999998,0.00625
-23.910499999999995,0.8125,-23.910499999999995,0.00625
-23.935149999999997,0.8125,-23.935149999999997,0.0
-23.959799999999998,0.8125,-23.959799999999998,0.00625
-23.984449999999995,0.875,-23.984449999999995,0.003125
-24.009099999999997,0.8125,-24.009099999999997,0.0
-24.033749999999998,0.8125,-24.033749999999998,0.003125
-24.058399999999995,0.8125,-24.058399999999995,0.0
-24.083049999999997,0.875,-24.083049999999997,0.0
-24.107699999999998,0.8125,-24.107699999999998,0.003125
-24.132349999999995,0.8125,-24.132349999999995,0.003125
-24.156999999999996,0.875,-24.156999999999996,0.0
-24.181649999999998,0.8125,-24.181649999999998,0.003125
-24.206299999999995,0.8125,-24.206299999999995,0.0
-24.230949999999996,0.8125,-24.230949999999996,0.0
-24.255599999999998,0.8125,-24.255599999999998,0.0
-24.280249999999995,0.8125,-24.280249999999995,-0.003125
-24.304899999999996,0.75,-24.304899999999996,0.0
-24.329549999999998,0.8125,-24.329549999999998,0.003125
-24.354199999999995,0.75,-24.354199999999995,0.0
-24.378849999999996,0.75,-24.378849999999996,0.0
-24.403499999999998,0.75,-24.403499999999998,-0.003125
-24.428149999999995,0.8125,-24.428149999999995,0.0
-24.452799999999996,0.8125,-24.452799999999996,0.003125
-24.477449999999997,0.75,-24.477449999999997,0.00625
-24.502099999999995,0.8125,-24.502099999999995,0.003125
-24.526749999999996,0.8125,-24.526749999999996,-0.003125
-24.551399999999997,0.75,-24.551399999999997,0.0
-24.576049999999995,0.875,-24.576049999999995,0.0
-24.600699999999996,0.8125,-24.600699999999996,0.003125
-24.625349999999997,0.8125,-24.625349999999997,0.003125
