Channel 1 Time,Channel 1 Voltage,Channel 2 Time,Channel 2 Voltage,Channel 3 Time,Channel 3 Voltage,Channel 4 Time,Channel 4 Voltage
-0.09939999999999999,0.1125,-0.09939999999999999,0.00125,-0.09939999999999999,0.10575,-0.09939999999999999,0.0
-0.19879999999999998,0.1125,-0.19879999999999998,0.003125,-0.19879999999999998,0.10575,-0.19879999999999998,-0.00625
-0.29819999999999997,0.14375,-0.29819999999999997,0.0009375,-0.29819999999999997,0.0745,-0.29819999999999997,0.0
-0.39759999999999995,0.2375,-0.39759999999999995,0.0028125,-0.39759999999999995,0.10575,-0.39759999999999995,-0.00625
-0.49699999999999994,0.26875,-0.49699999999999994,0.0025,-0.49699999999999994,0.0745,-0.49699999999999994,-0.0125
-0.5963999999999999,0.3,-0.5963999999999999,0.001875,-0.5963999999999999,0.10575,-0.5963999999999999,-0.01875
-0.6958,0.39375,-0.6958,0.00125,-0.6958,0.10575,-0.6958,-0.0125
-0.7951999999999999,0.39375,-0.7951999999999999,0.0034375,-0.7951999999999999,0.10575,-0.7951999999999999,-0.03125
-0.8945999999999998,0.45625,-0.8945999999999998,0.0,-0.8945999999999998,0.0745,-0.8945999999999998,-0.01875
-0.9939999999999998,0.45625,-0.9939999999999998,0.0003125,-0.9939999999999998,0.0745,-0.9939999999999998,-0.025
-1.0934,0.4875,-1.0934,-0.0015625,-1.0934,0.0745,-1.0934,-0.025
-1.1927999999999999,0.58125,-1.1927999999999999,-0.00125,-1.1927999999999999,0.0745,-1.1927999999999999,-0.03125
-1.2921999999999998,0.64375,-1.2921999999999998,0.0015625,-1.2921999999999998,0.0745,-1.2921999999999998,-0.0375
-1.3915999999999997,0.64375,-1.3915999999999997,0.0,-1.3915999999999997,0.0745,-1.3915999999999997,-0.0375
-1.4909999999999999,0.7375,-1.4909999999999999,-0.000625,-1.4909999999999999,0.10575,-1.4909999999999999,-0.025
-1.5903999999999998,0.70625,-1.5903999999999998,0.0015625,-1.5903999999999998,0.0745,-1.5903999999999998,-0.0375
-1.6897999999999997,0.7375,-1.6897999999999997,-0.0003125,-1.6897999999999997,0.0745,-1.6897999999999997,-0.03125
-1.7891999999999997,0.8,-1.7891999999999997,0.0003125,-1.7891999999999997,0.0745,-1.7891999999999997,-0.03125
-1.8885999999999996,0.83125,-1.8885999999999996,-0.0003125,-1.8885999999999996,0.0745,-1.8885999999999996,-0.025
-1.9879999999999998,0.83125,-1.9879999999999998,0.000625,-1.9879999999999998,0.10575,-1.9879999999999998,-0.04375
-2.0873999999999997,0.8625,-2.0873999999999997,-0.00125,-2.0873999999999997,0.0745,-2.0873999999999997,-0.0375
-2.1868,0.8625,-2.1868,-0.000625,-2.1868,0.0745,-2.1868,-0.05
-2.2862,0.8625,-2.2862,-0.0003125,-2.2862,0.04325,-2.2862,-0.05
-2.3855999999999997,0.89375,-2.3855999999999997,0.0003125,-2.3855999999999997,0.04325,-2.3855999999999997,-0.04375
-2.485,0.925,-2.485,-0.0003125,-2.485,0.0745,-2.485,-0.0375
-2.5844,0.95625,-2.5844,-0.0015625,-2.5844,0.04325,-2.5844,-0.04375
-2.6837999999999997,0.95625,-2.6837999999999997,0.0003125,-2.6837999999999997,0.04325,-2.6837999999999997,-0.05
-2.7832,0.95625,-2.7832,0.0015625,-2.7832,0.04325,-2.7832,-0.05
-2.8826,0.95625,-2.8826,-0.0015625,-2.8826,0.04325,-2.8826,-0.04375
-2.9819999999999998,0.95625,-2.9819999999999998,0.0025,-2.9819999999999998,0.012,-2.9819999999999998,-0.05625
-3.0814,0.925,-3.0814,0.000625,-3.0814,0.04325,-3.0814,-0.04375
-3.1807999999999996,0.925,-3.1807999999999996,0.0003125,-3.1807999999999996,0.012,-3.1807999999999996,-0.05
-3.2802,0.925,-3.2802,0.000625,-3.2802,0.04325,-3.2802,-0.05
-3.3796,0.8625,-3.3796,-0.0003125,-3.3796,0.012,-3.3796,-0.05
-3.4789999999999996,0.89375,-3.4789999999999996,-0.00125,-3.4789999999999996,-0.01925,-3.4789999999999996,-0.03125
-3.5784,0.8625,-3.5784,0.0009375,-3.5784,0.04325,-3.5784,-0.04375
-3.6777999999999995,0.8625,-3.6777999999999995,-0.00125,-3.6777999999999995,0.04325,-3.6777999999999995,-0.03125
-3.7771999999999997,0.83125,-3.7771999999999997,0.00125,-3.7771999999999997,0.04325,-3.7771999999999997,-0.05625
-3.8766,0.8,-3.8766,0.0015625,-3.8766,0.012,-3.8766,-0.04375
-3.9759999999999995,0.83125,-3.9759999999999995,0.0015625,-3.9759999999999995,0.04325,-3.9759999999999995,-0.04375
-4.075399999999999,0.7375,-4.075399999999999,0.0003125,-4.075399999999999,0.04325,-4.075399999999999,-0.05
-4.174799999999999,0.76875,-4.174799999999999,-0.0009375,-4.174799999999999,-0.01925,-4.174799999999999,-0.0375
-4.2741999999999996,0.7375,-4.2741999999999996,0.00125,-4.2741999999999996,0.012,-4.2741999999999996,-0.0375
-4.3736,0.675,-4.3736,-0.0015625,-4.3736,0.04325,-4.3736,-0.03125
-4.473,0.675,-4.473,0.00125,-4.473,0.012,-4.473,-0.03125
-4.5724,0.64375,-4.5724,0.00125,-4.5724,0.012,-4.5724,-0.03125
-4.671799999999999,0.58125,-4.671799999999999,0.0003125,-4.671799999999999,0.04325,-4.671799999999999,-0.01875
-4.771199999999999,0.58125,-4.771199999999999,-0.0003125,-4.771199999999999,0.04325,-4.771199999999999,-0.03125
-4.8706,0.51875,-4.8706,0.0003125,-4.8706,0.04325,-4.8706,-0.0125
-4.97,0.45625,-4.97,0.0009375,-4.97,0.04325,-4.97,-0.03125
-5.0694,0.45625,-5.0694,0.0,-5.0694,0.04325,-5.0694,-0.025
-5.168799999999999,0.3625,-5.168799999999999,0.000625,-5.168799999999999,0.012,-5.168799999999999,-0.0125
-5.268199999999999,0.33125,-5.268199999999999,0.0028125,-5.268199999999999,0.04325,-5.268199999999999,-0.01875
-5.3675999999999995,0.3,-5.3675999999999995,0.0015625,-5.3675999999999995,0.04325,-5.3675999999999995,-0.0125
-5.467,0.26875,-5.467,0.00125,-5.467,0.0745,-5.467,-0.0125
-5.5664,0.175,-5.5664,0.001875,-5.5664,0.10575,-5.5664,-0.01875
-5.6658,0.20625,-5.6658,0.0009375,-5.6658,0.04325,-5.6658,-0.0125
-5.765199999999999,0.1125,-5.765199999999999,0.000625,-5.765199999999999,0.0745,-5.765199999999999,0.0
-5.864599999999999,0.08125,-5.864599999999999,0.001875,-5.864599999999999,0.04325,-5.864599999999999,0.0
-5.9639999999999995,0.08125,-5.9639999999999995,0.00125,-5.9639999999999995,0.0745,-5.9639999999999995,0.00625
-6.0634,-0.04375,-6.0634,0.0040625,-6.0634,0.0745,-6.0634,-0.00625
-6.1628,-0.075,-6.1628,0.00125,-6.1628,0.0745,-6.1628,0.00625
-6.262199999999999,-0.10625,-6.262199999999999,0.00125,-6.262199999999999,0.0745,-6.262199999999999,0.01875
-6.361599999999999,-0.1375,-6.361599999999999,0.0015625,-6.361599999999999,0.0745,-6.361599999999999,0.01875
-6.460999999999999,-0.2,-6.460999999999999,0.0040625,-6.460999999999999,0.10575,-6.460999999999999,0.0125
-6.5604,-0.2625,-6.5604,0.0040625,-6.5604,0.10575,-6.5604,0.0125
-6.6598,-0.325,-6.6598,0.000625,-6.6598,0.0745,-6.6598,0.025
-6.759199999999999,-0.325,-6.759199999999999,0.0025,-6.759199999999999,0.137,-6.759199999999999,0.025
-6.858599999999999,-0.41875,-6.858599999999999,0.0,-6.858599999999999,0.0745,-6.858599999999999,0.025
-6.957999999999999,-0.3875,-6.957999999999999,0.00125,-6.957999999999999,0.137,-6.957999999999999,0.025
-7.0573999999999995,-0.48125,-7.0573999999999995,0.00375,-7.0573999999999995,0.10575,-7.0573999999999995,0.025
-7.1568,-0.5125,-7.1568,0.0015625,-7.1568,0.10575,-7.1568,0.03125
-7.256199999999999,-0.60625,-7.256199999999999,0.0015625,-7.256199999999999,0.10575,-7.256199999999999,0.03125
-7.355599999999999,-0.60625,-7.355599999999999,0.001875,-7.355599999999999,0.10575,-7.355599999999999,0.03125
-7.454999999999999,-0.6375,-7.454999999999999,0.0,-7.454999999999999,0.10575,-7.454999999999999,0.04375
-7.554399999999999,-0.7,-7.554399999999999,0.000625,-7.554399999999999,0.10575,-7.554399999999999,0.05
-7.6537999999999995,-0.73125,-7.6537999999999995,0.0034375,-7.6537999999999995,0.10575,-7.6537999999999995,0.03125
-7.7532,-0.7625,-7.7532,0.0040625,-7.7532,0.10575,-7.7532,0.04375
-7.852599999999999,-0.7625,-7.852599999999999,0.0009375,-7.852599999999999,0.137,-7.852599999999999,0.0625
-7.951999999999999,-0.79375,-7.951999999999999,0.0025,-7.951999999999999,0.137,-7.951999999999999,0.05
-8.0514,-0.85625,-8.0514,0.0021875,-8.0514,0.137,-8.0514,0.05
-8.150799999999998,-0.8875,-8.150799999999998,0.0040625,-8.150799999999998,0.137,-8.150799999999998,0.05625
-8.250199999999998,-0.91875,-8.250199999999998,0.001875,-8.250199999999998,0.137,-8.250199999999998,0.0625
-8.349599999999999,-0.95,-8.349599999999999,0.0015625,-8.349599999999999,0.137,-8.349599999999999,0.06875
-8.448999999999998,-0.95,-8.448999999999998,0.0046875,-8.448999999999998,0.10575,-8.448999999999998,0.04375
-8.548399999999999,-0.95,-8.548399999999999,0.00375,-8.548399999999999,0.137,-8.548399999999999,0.05625
-8.647799999999998,-0.95,-8.647799999999998,0.00375,-8.647799999999998,0.137,-8.647799999999998,0.0625
-8.747199999999998,-0.98125,-8.747199999999998,0.004375,-8.747199999999998,0.137,-8.747199999999998,0.05
-8.846599999999999,-0.95,-8.846599999999999,0.0053125,-8.846599999999999,0.137,-8.846599999999999,0.05625
-8.945999999999998,-1.0125,-8.945999999999998,0.001875,-8.945999999999998,0.137,-8.945999999999998,0.05625
-9.045399999999999,-0.98125,-9.045399999999999,0.0015625,-9.045399999999999,0.10575,-9.045399999999999,0.06875
-9.144799999999998,-0.98125,-9.144799999999998,0.0025,-9.144799999999998,0.137,-9.144799999999998,0.05
-9.244199999999998,-0.98125,-9.244199999999998,0.00125,-9.244199999999998,0.10575,-9.244199999999998,0.06875
-9.343599999999999,-0.98125,-9.343599999999999,0.0046875,-9.343599999999999,0.10575,-9.343599999999999,0.05
-9.442999999999998,-0.98125,-9.442999999999998,0.004375,-9.442999999999998,0.10575,-9.442999999999998,0.05
-9.542399999999999,-0.91875,-9.542399999999999,0.00375,-9.542399999999999,0.10575,-9.542399999999999,0.05625
-9.641799999999998,-0.91875,-9.641799999999998,0.0034375,-9.641799999999998,0.10575,-9.641799999999998,0.0625
-9.741199999999997,-0.91875,-9.741199999999997,0.001875,-9.741199999999997,0.10575,-9.741199999999997,0.05625
-9.840599999999998,-0.8875,-9.840599999999998,0.003125,-9.840599999999998,0.10575,-9.840599999999998,0.05625
-9.939999999999998,-0.8875,-9.939999999999998,0.0021875,-9.939999999999998,0.10575,-9.939999999999998,0.04375
-10.039399999999999,-0.8875,-10.039399999999999,0.0046875,-10.039399999999999,0.10575,-10.039399999999999,0.04375
-10.138799999999998,-0.825,-10.138799999999998,0.0015625,-10.138799999999998,0.0745,-10.138799999999998,0.05625
-10.238199999999997,-0.825,-10.238199999999997,0.0015625,-10.238199999999997,0.0745,-10.238199999999997,0.05
-10.337599999999998,-0.7625,-10.337599999999998,0.0034375,-10.337599999999998,0.0745,-10.337599999999998,0.04375
-10.436999999999998,-0.79375,-10.436999999999998,0.0040625,-10.436999999999998,0.10575,-10.436999999999998,0.04375
-10.536399999999999,-0.7,-10.536399999999999,0.0009375,-10.536399999999999,0.0745,-10.536399999999999,0.05
-10.635799999999998,-0.7,-10.635799999999998,0.0028125,-10.635799999999998,0.0745,-10.635799999999998,0.0375
-10.735199999999997,-0.66875,-10.735199999999997,0.005,-10.735199999999997,0.0745,-10.735199999999997,0.0375
-10.834599999999998,-0.6375,-10.834599999999998,0.0028125,-10.834599999999998,0.10575,-10.834599999999998,0.025
-10.933999999999997,-0.575,-10.933999999999997,0.004375,-10.933999999999997,0.0745,-10.933999999999997,0.03125
-11.033399999999999,-0.5125,-11.033399999999999,0.004375,-11.033399999999999,0.0745,-11.033399999999999,0.0375
-11.132799999999998,-0.5125,-11.132799999999998,0.0025,-11.132799999999998,0.10575,-11.132799999999998,0.03125
-11.232199999999999,-0.48125,-11.232199999999999,0.003125,-11.232199999999999,0.0745,-11.232199999999999,0.025
-11.331599999999998,-0.41875,-11.331599999999998,0.0040625,-11.331599999999998,0.0745,-11.331599999999998,0.025
-11.430999999999997,-0.35625,-11.430999999999997,0.0003125,-11.430999999999997,0.0745,-11.430999999999997,0.025
-11.530399999999998,-0.29375,-11.530399999999998,0.0025,-11.530399999999998,0.10575,-11.530399999999998,0.01875
-11.629799999999998,-0.2625,-11.629799999999998,0.004375,-11.629799999999998,0.04325,-11.629799999999998,0.01875
-11.729199999999999,-0.2625,-11.729199999999999,0.001875,-11.729199999999999,0.0745,-11.729199999999999,0.0125
-11.828599999999998,-0.16875,-11.828599999999998,0.000625,-11.828599999999998,0.0745,-11.828599999999998,0.01875
-11.927999999999997,-0.1375,-11.927999999999997,0.003125,-11.927999999999997,0.0745,-11.927999999999997,0.0125
-12.027399999999998,-0.075,-12.027399999999998,0.0021875,-12.027399999999998,0.0745,-12.027399999999998,0.0
-12.126799999999998,-0.075,-12.126799999999998,0.0034375,-12.126799999999998,0.04325,-12.126799999999998,0.00625
-12.226199999999999,0.05,-12.226199999999999,0.0,-12.226199999999999,0.0745,-12.226199999999999,0.0125
-12.325599999999998,-0.0125,-12.325599999999998,0.0028125,-12.325599999999998,0.10575,-12.325599999999998,0.00625
-12.424999999999997,0.1125,-12.424999999999997,0.0025,-12.424999999999997,0.0745,-12.424999999999997,0.00625
-12.524399999999998,0.1125,-12.524399999999998,-0.0009375,-12.524399999999998,0.10575,-12.524399999999998,0.0
-12.623799999999997,0.175,-12.623799999999997,0.003125,-12.623799999999997,0.0745,-12.623799999999997,-0.01875
-12.723199999999999,0.2375,-12.723199999999999,0.0,-12.723199999999999,0.0745,-12.723199999999999,-0.0125
-12.822599999999998,0.26875,-12.822599999999998,0.0028125,-12.822599999999998,0.0745,-12.822599999999998,-0.01875
-12.921999999999997,0.3,-12.921999999999997,0.00125,-12.921999999999997,0.0745,-12.921999999999997,-0.01875
-13.021399999999998,0.3625,-13.021399999999998,0.0025,-13.021399999999998,0.0745,-13.021399999999998,-0.025
-13.120799999999997,0.39375,-13.120799999999997,0.0003125,-13.120799999999997,0.0745,-13.120799999999997,-0.0125
-13.220199999999998,0.4875,-13.220199999999998,0.00125,-13.220199999999998,0.04325,-13.220199999999998,-0.025
-13.319599999999998,0.51875,-13.319599999999998,0.0028125,-13.319599999999998,0.10575,-13.319599999999998,-0.0375
-13.418999999999997,0.51875,-13.418999999999997,0.0003125,-13.418999999999997,0.0745,-13.418999999999997,-0.01875
-13.518399999999998,0.58125,-13.518399999999998,0.0009375,-13.518399999999998,0.0745,-13.518399999999998,-0.03125
-13.617799999999997,0.64375,-13.617799999999997,0.000625,-13.617799999999997,0.0745,-13.617799999999997,-0.03125
-13.717199999999998,0.64375,-13.717199999999998,0.000625,-13.717199999999998,0.04325,-13.717199999999998,-0.0375
-13.816599999999998,0.70625,-13.816599999999998,0.00125,-13.816599999999998,0.04325,-13.816599999999998,-0.0375
-13.915999999999997,0.7375,-13.915999999999997,-0.0003125,-13.915999999999997,0.04325,-13.915999999999997,-0.0375
-14.015399999999998,0.76875,-14.015399999999998,0.0,-14.015399999999998,0.0745,-14.015399999999998,-0.0375
-14.114799999999997,0.8,-14.114799999999997,0.000625,-14.114799999999997,0.0745,-14.114799999999997,-0.03125
-14.214199999999998,0.83125,-14.214199999999998,-0.0015625,-14.214199999999998,0.0745,-14.214199999999998,-0.0375
-14.313599999999997,0.83125,-14.313599999999997,-0.0003125,-14.313599999999997,0.0745,-14.313599999999997,-0.04375
-14.412999999999997,0.8625,-14.412999999999997,0.0003125,-14.412999999999997,0.04325,-14.412999999999997,-0.04375
-14.512399999999998,0.89375,-14.512399999999998,0.00125,-14.512399999999998,0.04325,-14.512399999999998,-0.05
-14.611799999999997,0.8625,-14.611799999999997,-0.0009375,-14.611799999999997,0.04325,-14.611799999999997,-0.0375
-14.711199999999998,0.925,-14.711199999999998,0.0015625,-14.711199999999998,0.0745,-14.711199999999998,-0.0625
-14.810599999999997,0.95625,-14.810599999999997,0.0009375,-14.810599999999997,0.04325,-14.810599999999997,-0.05
-14.909999999999998,0.95625,-14.909999999999998,0.0021875,-14.909999999999998,0.0745,-14.909999999999998,-0.05
-15.009399999999998,0.925,-15.009399999999998,-0.0009375,-15.009399999999998,0.04325,-15.009399999999998,-0.04375
-15.108799999999997,0.95625,-15.108799999999997,0.0021875,-15.108799999999997,0.04325,-15.108799999999997,-0.05625
-15.208199999999998,0.89375,-15.208199999999998,-0.0003125,-15.208199999999998,0.04325,-15.208199999999998,-0.0375
-15.307599999999997,0.95625,-15.307599999999997,-0.000625,-15.307599999999997,0.04325,-15.307599999999997,-0.04375
-15.406999999999998,0.925,-15.406999999999998,0.001875,-15.406999999999998,0.04325,-15.406999999999998,-0.05
-15.506399999999998,0.925,-15.506399999999998,0.000625,-15.506399999999998,0.012,-15.506399999999998,-0.04375
-15.605799999999997,0.925,-15.605799999999997,0.000625,-15.605799999999997,0.012,-15.605799999999997,-0.05625
-15.705199999999998,0.89375,-15.705199999999998,-0.000625,-15.705199999999998,0.012,-15.705199999999998,-0.0375
-15.804599999999997,0.925,-15.804599999999997,-0.00125,-15.804599999999997,0.012,-15.804599999999997,-0.0375
-15.903999999999998,0.925,-15.903999999999998,-0.001875,-15.903999999999998,0.04325,-15.903999999999998,-0.0375
-16.0034,0.8625,-16.0034,0.0015625,-16.0034,0.012,-16.0034,-0.0375
-16.1028,0.83125,-16.1028,0.001875,-16.1028,0.012,-16.1028,-0.05
-16.202199999999998,0.83125,-16.202199999999998,-0.0009375,-16.202199999999998,0.012,-16.202199999999998,-0.04375
-16.301599999999997,0.8,-16.301599999999997,-0.0021875,-16.301599999999997,0.012,-16.301599999999997,-0.03125
-16.400999999999996,0.7375,-16.400999999999996,0.0015625,-16.400999999999996,0.012,-16.400999999999996,-0.0375
-16.5004,0.7375,-16.5004,-0.0015625,-16.5004,0.012,-16.5004,-0.0375
-16.5998,0.70625,-16.5998,-0.0003125,-16.5998,0.04325,-16.5998,-0.03125
-16.699199999999998,0.64375,-16.699199999999998,0.0015625,-16.699199999999998,0.04325,-16.699199999999998,-0.04375
-16.798599999999997,0.675,-16.798599999999997,-0.0015625,-16.798599999999997,0.012,-16.798599999999997,-0.025
-16.897999999999996,0.58125,-16.897999999999996,-0.0003125,-16.897999999999996,0.04325,-16.897999999999996,-0.03125
-16.9974,0.55,-16.9974,0.0021875,-16.9974,0.012,-16.9974,-0.03125
-17.096799999999998,0.51875,-17.096799999999998,0.0021875,-17.096799999999998,0.04325,-17.096799999999998,-0.025
-17.196199999999997,0.4875,-17.196199999999997,0.00125,-17.196199999999997,0.04325,-17.196199999999997,-0.025
-17.295599999999997,0.425,-17.295599999999997,0.0003125,-17.295599999999997,0.04325,-17.295599999999997,-0.01875
-17.394999999999996,0.39375,-17.394999999999996,-0.0009375,-17.394999999999996,0.04325,-17.394999999999996,-0.025
-17.4944,0.3625,-17.4944,0.0015625,-17.4944,0.04325,-17.4944,-0.01875
-17.593799999999998,0.33125,-17.593799999999998,0.00125,-17.593799999999998,0.04325,-17.593799999999998,-0.025
-17.693199999999997,0.26875,-17.693199999999997,0.0028125,-17.693199999999997,0.04325,-17.693199999999997,-0.01875
-17.792599999999997,0.2375,-17.792599999999997,-0.0009375,-17.792599999999997,0.04325,-17.792599999999997,-0.00625
-17.891999999999996,0.175,-17.891999999999996,-0.0003125,-17.891999999999996,0.0745,-17.891999999999996,-0.00625
-17.9914,0.14375,-17.9914,0.0003125,-17.9914,0.0745,-17.9914,0.0
-18.090799999999998,0.05,-18.090799999999998,0.0025,-18.090799999999998,0.04325,-18.090799999999998,-0.00625
-18.190199999999997,-0.0125,-18.190199999999997,0.003125,-18.190199999999997,0.0745,-18.190199999999997,-0.00625
-18.289599999999997,0.01875,-18.289599999999997,-0.000625,-18.289599999999997,0.0745,-18.289599999999997,0.0125
-18.388999999999996,-0.04375,-18.388999999999996,0.0021875,-18.388999999999996,0.0745,-18.388999999999996,0.0
-18.4884,-0.10625,-18.4884,0.0021875,-18.4884,0.0745,-18.4884,0.0
-18.587799999999998,-0.16875,-18.587799999999998,0.0003125,-18.587799999999998,0.0745,-18.587799999999998,0.01875
-18.687199999999997,-0.16875,-18.687199999999997,0.001875,-18.687199999999997,0.10575,-18.687199999999997,0.0125
-18.786599999999996,-0.2625,-18.786599999999996,0.0028125,-18.786599999999996,0.0745,-18.786599999999996,0.0125
-18.885999999999996,-0.325,-18.885999999999996,0.001875,-18.885999999999996,0.10575,-18.885999999999996,0.00625
-18.9854,-0.325,-18.9854,0.0009375,-18.9854,0.0745,-18.9854,0.01875
-19.084799999999998,-0.3875,-19.084799999999998,0.0028125,-19.084799999999998,0.10575,-19.084799999999998,0.01875
-19.184199999999997,-0.45,-19.184199999999997,0.0009375,-19.184199999999997,0.10575,-19.184199999999997,0.025
-19.283599999999996,-0.41875,-19.283599999999996,0.001875,-19.283599999999996,0.10575,-19.283599999999996,0.025
-19.382999999999996,-0.5125,-19.382999999999996,0.003125,-19.382999999999996,0.0745,-19.382999999999996,0.03125
-19.4824,-0.54375,-19.4824,0.0015625,-19.4824,0.137,-19.4824,0.04375
-19.581799999999998,-0.575,-19.581799999999998,0.00375,-19.581799999999998,0.137,-19.581799999999998,0.025
-19.681199999999997,-0.60625,-19.681199999999997,0.0034375,-19.681199999999997,0.10575,-19.681199999999997,0.0375
-19.780599999999996,-0.6375,-19.780599999999996,0.00375,-19.780599999999996,0.10575,-19.780599999999996,0.0375
-19.879999999999995,-0.7,-19.879999999999995,0.0003125,-19.879999999999995,0.10575,-19.879999999999995,0.04375
-19.9794,-0.7625,-19.9794,0.00125,-19.9794,0.10575,-19.9794,0.04375
-20.078799999999998,-0.7625,-20.078799999999998,0.00125,-20.078799999999998,0.10575,-20.078799999999998,0.05625
-20.178199999999997,-0.7625,-20.178199999999997,0.0040625,-20.178199999999997,0.137,-20.178199999999997,0.05
-20.277599999999996,-0.825,-20.277599999999996,0.0015625,-20.277599999999996,0.137,-20.277599999999996,0.0625
-20.376999999999995,-0.85625,-20.376999999999995,0.0028125,-20.376999999999995,0.137,-20.376999999999995,0.05
-20.476399999999998,-0.91875,-20.476399999999998,0.0034375,-20.476399999999998,0.10575,-20.476399999999998,0.05
-20.575799999999997,-0.91875,-20.575799999999997,0.0053125,-20.575799999999997,0.10575,-20.575799999999997,0.04375
-20.675199999999997,-0.95,-20.675199999999997,0.004375,-20.675199999999997,0.10575,-20.675199999999997,0.05
-20.774599999999996,-0.91875,-20.774599999999996,0.004375,-20.774599999999996,0.137,-20.774599999999996,0.05625
-20.873999999999995,-0.91875,-20.873999999999995,0.001875,-20.873999999999995,0.137,-20.873999999999995,0.0625
-20.973399999999998,-1.0125,-20.973399999999998,0.0028125,-20.973399999999998,0.10575,-20.973399999999998,0.05
-21.072799999999997,-0.98125,-21.072799999999997,0.0034375,-21.072799999999997,0.137,-21.072799999999997,0.0625
-21.172199999999997,-0.98125,-21.172199999999997,0.0034375,-21.172199999999997,0.10575,-21.172199999999997,0.0625
-21.271599999999996,-1.0125,-21.271599999999996,0.001875,-21.271599999999996,0.10575,-21.271599999999996,0.05625
-21.370999999999995,-0.98125,-21.370999999999995,0.0034375,-21.370999999999995,0.10575,-21.370999999999995,0.06875
-21.470399999999998,-0.98125,-21.470399999999998,0.0040625,-21.470399999999998,0.10575,-21.470399999999998,0.05
-21.569799999999997,-0.98125,-21.569799999999997,0.003125,-21.569799999999997,0.10575,-21.569799999999997,0.0625
-21.669199999999996,-0.91875,-21.669199999999996,0.0046875,-21.669199999999996,0.10575,-21.669199999999996,0.05625
-21.768599999999996,-0.98125,-21.768599999999996,0.0028125,-21.768599999999996,0.10575,-21.768599999999996,0.05625
-21.867999999999995,-0.95,-21.867999999999995,0.0053125,-21.867999999999995,0.10575,-21.867999999999995,0.05
-21.967399999999998,-0.8875,-21.967399999999998,0.0034375,-21.967399999999998,0.10575,-21.967399999999998,0.05
-22.066799999999997,-0.91875,-22.066799999999997,0.0040625,-22.066799999999997,0.0745,-22.066799999999997,0.05
-22.166199999999996,-0.8875,-22.166199999999996,0.0034375,-22.166199999999996,0.10575,-22.166199999999996,0.05625
-22.265599999999996,-0.8875,-22.265599999999996,0.001875,-22.265599999999996,0.10575,-22.265599999999996,0.05625
-22.365,-0.825,-22.365,0.00125,-22.365,0.10575,-22.365,0.05625
-22.464399999999998,-0.825,-22.464399999999998,0.0009375,-22.464399999999998,0.0745,-22.464399999999998,0.05625
-22.563799999999997,-0.79375,-22.563799999999997,0.0040625,-22.563799999999997,0.0745,-22.563799999999997,0.05
-22.663199999999996,-0.73125,-22.663199999999996,0.004375,-22.663199999999996,0.10575,-22.663199999999996,0.04375
-22.762599999999996,-0.7,-22.762599999999996,0.0046875,-22.762599999999996,0.0745,-22.762599999999996,0.0375
-22.862,-0.73125,-22.862,0.0028125,-22.862,0.0745,-22.862,0.04375
-22.961399999999998,-0.6375,-22.961399999999998,0.0028125,-22.961399999999998,0.10575,-22.961399999999998,0.0375
-23.060799999999997,-0.6375,-23.060799999999997,0.0025,-23.060799999999997,0.0745,-23.060799999999997,0.0375
-23.160199999999996,-0.60625,-23.160199999999996,0.0021875,-23.160199999999996,0.0745,-23.160199999999996,0.04375
-23.259599999999995,-0.54375,-23.259599999999995,0.0021875,-23.259599999999995,0.0745,-23.259599999999995,0.0375
-23.358999999999998,-0.5125,-23.358999999999998,0.004375,-23.358999999999998,0.0745,-23.358999999999998,0.0375
-23.458399999999997,-0.48125,-23.458399999999997,0.0046875,-23.458399999999997,0.10575,-23.458399999999997,0.03125
-23.557799999999997,-0.3875,-23.557799999999997,0.0009375,-23.557799999999997,0.10575,-23.557799999999997,0.025
-23.657199999999996,-0.325,-23.657199999999996,0.0028125,-23.657199999999996,0.0745,-23.657199999999996,0.025
-23.756599999999995,-0.35625,-23.756599999999995,0.0003125,-23.756599999999995,0.0745,-23.756599999999995,0.025
-23.855999999999998,-0.2625,-23.855999999999998,0.0003125,-23.855999999999998,0.0745,-23.855999999999998,0.01875
-23.955399999999997,-0.23125,-23.955399999999997,0.0,-23.955399999999997,0.0745,-23.955399999999997,0.0125
-24.054799999999997,-0.1375,-24.054799999999997,0.0034375,-24.054799999999997,0.0745,-24.054799999999997,0.00625
-24.154199999999996,-0.1375,-24.154199999999996,0.0021875,-24.154199999999996,0.0745,-24.154199999999996,0.0
-24.253599999999995,-0.16875,-24.253599999999995,0.0015625,-24.253599999999995,0.0745,-24.253599999999995,0.01875
-24.352999999999998,-0.04375,-24.352999999999998,0.0034375,-24.352999999999998,0.0745,-24.352999999999998,0.0125
-24.452399999999997,-0.04375,-24.452399999999997,0.0,-24.452399999999997,0.0745,-24.452399999999997,0.00625
-24.551799999999997,0.01875,-24.551799999999997,0.0034375,-24.551799999999997,0.0745,-24.551799999999997,-0.00625
-24.651199999999996,0.08125,-24.651199999999996,-0.000625,-24.651199999999996,0.0745,-24.651199999999996,0.00625
-24.750599999999995,0.14375,-24.750599999999995,0.00125,-24.750599999999995,0.0745,-24.750599999999995,0.0
-24.849999999999998,0.20625,-24.849999999999998,0.0009375,-24.849999999999998,0.10575,-24.849999999999998,0.0
-24.949399999999997,0.2375,-24.949399999999997,0.0028125,-24.949399999999997,0.10575,-24.949399999999997,-0.01875
-25.048799999999996,0.3,-25.048799999999996,0.0015625,-25.048799999999996,0.0745,-25.048799999999996,-0.00625
-25.148199999999996,0.3,-25.148199999999996,0.0021875,-25.148199999999996,0.0745,-25.148199999999996,-0.0125
-25.247599999999995,0.3625,-25.247599999999995,-0.0003125,-25.247599999999995,0.0745,-25.247599999999995,-0.00625
-25.346999999999998,0.39375,-25.346999999999998,0.0028125,-25.346999999999998,0.0745,-25.346999999999998,-0.0125
-25.446399999999997,0.425,-25.446399999999997,0.0,-25.446399999999997,0.0745,-25.446399999999997,-0.01875
-25.545799999999996,0.4875,-25.545799999999996,0.0003125,-25.545799999999996,0.0745,-25.545799999999996,-0.0125
-25.645199999999996,0.55,-25.645199999999996,0.0021875,-25.645199999999996,0.0745,-25.645199999999996,-0.025
-25.744599999999995,0.58125,-25.744599999999995,0.000625,-25.744599999999995,0.0745,-25.744599999999995,-0.025
-25.843999999999998,0.58125,-25.843999999999998,0.0003125,-25.843999999999998,0.10575,-25.843999999999998,-0.01875
-25.943399999999997,0.675,-25.943399999999997,0.0025,-25.943399999999997,0.0745,-25.943399999999997,-0.03125
-26.042799999999996,0.70625,-26.042799999999996,-0.00125,-26.042799999999996,0.0745,-26.042799999999996,-0.03125
-26.142199999999995,0.70625,-26.142199999999995,0.0,-26.142199999999995,0.0745,-26.142199999999995,-0.0375
-26.241599999999995,0.70625,-26.241599999999995,-0.00125,-26.241599999999995,0.0745,-26.241599999999995,-0.03125
-26.340999999999998,0.76875,-26.340999999999998,0.000625,-26.340999999999998,0.0745,-26.340999999999998,-0.0375
-26.440399999999997,0.8,-26.440399999999997,-0.00125,-26.440399999999997,0.04325,-26.440399999999997,-0.03125
-26.539799999999996,0.8625,-26.539799999999996,-0.00125,-26.539799999999996,0.0745,-26.539799999999996,-0.03125
-26.639199999999995,0.89375,-26.639199999999995,0.001875,-26.639199999999995,0.04325,-26.639199999999995,-0.05
-26.738599999999995,0.8625,-26.738599999999995,0.0009375,-26.738599999999995,0.04325,-26.738599999999995,-0.04375
-26.837999999999997,0.925,-26.837999999999997,-0.0003125,-26.837999999999997,0.04325,-26.837999999999997,-0.05
-26.937399999999997,0.89375,-26.937399999999997,0.0003125,-26.937399999999997,0.04325,-26.937399999999997,-0.04375
-27.036799999999996,0.89375,-27.036799999999996,-0.0009375,-27.036799999999996,0.0745,-27.036799999999996,-0.04375
-27.136199999999995,0.95625,-27.136199999999995,0.000625,-27.136199999999995,0.04325,-27.136199999999995,-0.0375
-27.235599999999994,0.89375,-27.235599999999994,-0.0009375,-27.235599999999994,0.04325,-27.235599999999994,-0.0375
-27.334999999999997,0.95625,-27.334999999999997,0.0,-27.334999999999997,0.04325,-27.334999999999997,-0.04375
-27.434399999999997,0.95625,-27.434399999999997,-0.0009375,-27.434399999999997,0.04325,-27.434399999999997,-0.05
-27.533799999999996,0.925,-27.533799999999996,-0.0009375,-27.533799999999996,0.012,-27.533799999999996,-0.05
-27.633199999999995,0.95625,-27.633199999999995,0.001875,-27.633199999999995,0.04325,-27.633199999999995,-0.05625
-27.732599999999994,0.925,-27.732599999999994,0.000625,-27.732599999999994,0.04325,-27.732599999999994,-0.0375
-27.831999999999997,0.89375,-27.831999999999997,-0.0015625,-27.831999999999997,0.04325,-27.831999999999997,-0.0375
-27.931399999999996,0.89375,-27.931399999999996,-0.0009375,-27.931399999999996,0.04325,-27.931399999999996,-0.04375
-28.030799999999996,0.89375,-28.030799999999996,0.0025,-28.030799999999996,0.04325,-28.030799999999996,-0.05
-28.130199999999995,0.925,-28.130199999999995,0.00125,-28.130199999999995,0.04325,-28.130199999999995,-0.05625
-28.229599999999994,0.8625,-28.229599999999994,-0.00125,-28.229599999999994,0.04325,-28.229599999999994,-0.04375
-28.328999999999997,0.83125,-28.328999999999997,-0.001875,-28.328999999999997,0.012,-28.328999999999997,-0.0375
-28.428399999999996,0.83125,-28.428399999999996,-0.0003125,-28.428399999999996,0.012,-28.428399999999996,-0.0375
-28.527799999999996,0.83125,-28.527799999999996,0.00125,-28.527799999999996,0.012,-28.527799999999996,-0.0375
-28.627199999999995,0.76875,-28.627199999999995,0.0003125,-28.627199999999995,0.012,-28.627199999999995,-0.04375
-28.726599999999994,0.7375,-28.726599999999994,-0.0009375,-28.726599999999994,0.012,-28.726599999999994,-0.0375
-28.825999999999997,0.70625,-28.825999999999997,0.0003125,-28.825999999999997,0.012,-28.825999999999997,-0.03125
-28.925399999999996,0.675,-28.925399999999996,-0.001875,-28.925399999999996,0.012,-28.925399999999996,-0.025
-29.024799999999995,0.675,-29.024799999999995,0.0,-29.024799999999995,0.04325,-29.024799999999995,-0.0375
-29.124199999999995,0.6125,-29.124199999999995,-0.000625,-29.124199999999995,0.04325,-29.124199999999995,-0.03125
-29.223599999999998,0.6125,-29.223599999999998,-0.001875,-29.223599999999998,0.04325,-29.223599999999998,-0.03125
-29.322999999999997,0.51875,-29.322999999999997,0.000625,-29.322999999999997,0.04325,-29.322999999999997,-0.025
-29.422399999999996,0.51875,-29.422399999999996,0.00125,-29.422399999999996,0.04325,-29.422399999999996,-0.01875
-29.521799999999995,0.45625,-29.521799999999995,0.000625,-29.521799999999995,0.0745,-29.521799999999995,-0.025
-29.621199999999995,0.425,-29.621199999999995,0.000625,-29.621199999999995,0.04325,-29.621199999999995,-0.01875
-29.720599999999997,0.39375,-29.720599999999997,-0.0003125,-29.720599999999997,0.04325,-29.720599999999997,-0.025
-29.819999999999997,0.3625,-29.819999999999997,-0.0003125,-29.819999999999997,0.04325,-29.819999999999997,-0.00625
-29.919399999999996,0.26875,-29.919399999999996,0.0015625,-29.919399999999996,0.0745,-29.919399999999996,-0.0125
-30.018799999999995,0.2375,-30.018799999999995,0.0003125,-30.018799999999995,0.04325,-30.018799999999995,-0.0125
-30.118199999999995,0.20625,-30.118199999999995,0.00125,-30.118199999999995,0.0745,-30.118199999999995,-0.01875
-30.217599999999997,0.20625,-30.217599999999997,0.000625,-30.217599999999997,0.04325,-30.217599999999997,-0.00625
-30.316999999999997,0.14375,-30.316999999999997,-0.0009375,-30.316999999999997,0.0745,-30.316999999999997,0.0
-30.416399999999996,0.08125,-30.416399999999996,0.0003125,-30.416399999999996,0.0745,-30.416399999999996,0.0
-30.515799999999995,-0.04375,-30.515799999999995,0.0025,-30.515799999999995,0.0745,-30.515799999999995,-0.00625
-30.615199999999994,-0.0125,-30.615199999999994,0.0021875,-30.615199999999994,0.10575,-30.615199999999994,0.00625
-30.714599999999997,-0.075,-30.714599999999997,0.0009375,-30.714599999999997,0.0745,-30.714599999999997,0.00625
-30.813999999999997,-0.10625,-30.813999999999997,-0.0003125,-30.813999999999997,0.0745,-30.813999999999997,0.01875
-30.913399999999996,-0.1375,-30.913399999999996,0.0015625,-30.913399999999996,0.10575,-30.913399999999996,0.0125
-31.012799999999995,-0.23125,-31.012799999999995,0.0034375,-31.012799999999995,0.10575,-31.012799999999995,0.00625
-31.112199999999994,-0.23125,-31.112199999999994,0.0009375,-31.112199999999994,0.10575,-31.112199999999994,0.01875
-31.211599999999997,-0.325,-31.211599999999997,-0.000625,-31.211599999999997,0.10575,-31.211599999999997,0.025
-31.310999999999996,-0.325,-31.310999999999996,0.00125,-31.310999999999996,0.10575,-31.310999999999996,0.025
-31.410399999999996,-0.3875,-31.410399999999996,0.001875,-31.410399999999996,0.10575,-31.410399999999996,0.0125
-31.509799999999995,-0.5125,-31.509799999999995,0.0015625,-31.509799999999995,0.10575,-31.509799999999995,0.025
-31.609199999999994,-0.48125,-31.609199999999994,0.0021875,-31.609199999999994,0.10575,-31.609199999999994,0.03125
-31.708599999999997,-0.5125,-31.708599999999997,0.003125,-31.708599999999997,0.137,-31.708599999999997,0.025
-31.807999999999996,-0.575,-31.807999999999996,0.0028125,-31.807999999999996,0.10575,-31.807999999999996,0.04375
-31.907399999999996,-0.6375,-31.907399999999996,0.0025,-31.907399999999996,0.10575,-31.907399999999996,0.03125
-32.0068,-0.66875,-32.0068,0.00125,-32.0068,0.137,-32.0068,0.05
-32.1062,-0.6375,-32.1062,0.0015625,-32.1062,0.137,-32.1062,0.03125
-32.2056,-0.7,-32.2056,0.0034375,-32.2056,0.137,-32.2056,0.04375
-32.305,-0.73125,-32.305,0.00125,-32.305,0.137,-32.305,0.05
-32.4044,-0.79375,-32.4044,0.0021875,-32.4044,0.137,-32.4044,0.04375
-32.5038,-0.825,-32.5038,0.0028125,-32.5038,0.137,-32.5038,0.05
-32.6032,-0.85625,-32.6032,0.004375,-32.6032,0.137,-32.6032,0.0375
-32.7026,-0.85625,-32.7026,0.0003125,-32.7026,0.137,-32.7026,0.05625
-32.802,-0.8875,-32.802,0.004375,-32.802,0.137,-32.802,0.04375
-32.9014,-0.91875,-32.9014,0.0015625,-32.9014,0.137,-32.9014,0.05625
-33.0008,-0.91875,-33.0008,0.003125,-33.0008,0.137,-33.0008,0.05
-33.1002,-0.98125,-33.1002,0.0021875,-33.1002,0.137,-33.1002,0.05
-33.1996,-0.91875,-33.1996,0.004375,-33.1996,0.10575,-33.1996,0.05
-33.299,-0.98125,-33.299,0.0028125,-33.299,0.137,-33.299,0.05
-33.3984,-1.0125,-33.3984,0.00125,-33.3984,0.10575,-33.3984,0.0625
-33.4978,-0.98125,-33.4978,0.004375,-33.4978,0.137,-33.4978,0.05625
-33.5972,-0.98125,-33.5972,0.001875,-33.5972,0.137,-33.5972,0.05
-33.6966,-0.91875,-33.6966,0.004375,-33.6966,0.137,-33.6966,0.0625
-33.796,-0.95,-33.796,0.0040625,-33.796,0.137,-33.796,0.05625
-33.8954,-0.91875,-33.8954,0.0034375,-33.8954,0.137,-33.8954,0.05
-33.9948,-0.98125,-33.9948,0.005,-33.9948,0.10575,-33.9948,0.04375
-34.0942,-0.98125,-34.0942,0.001875,-34.0942,0.10575,-34.0942,0.0625
-34.193599999999996,-0.95,-34.193599999999996,0.0040625,-34.193599999999996,0.10575,-34.193599999999996,0.04375
-34.293,-0.8875,-34.293,0.003125,-34.293,0.10575,-34.293,0.06875
-34.3924,-0.8875,-34.3924,0.0040625,-34.3924,0.10575,-34.3924,0.0625
-34.4918,-0.8875,-34.4918,0.0021875,-34.4918,0.10575,-34.4918,0.05625
-34.5912,-0.85625,-34.5912,0.0046875,-34.5912,0.10575,-34.5912,0.04375
-34.690599999999996,-0.825,-34.690599999999996,0.0040625,-34.690599999999996,0.10575,-34.690599999999996,0.0625
-34.79,-0.79375,-34.79,0.0034375,-34.79,0.0745,-34.79,0.0375
-34.8894,-0.7625,-34.8894,0.005,-34.8894,0.10575,-34.8894,0.04375
-34.9888,-0.7625,-34.9888,0.00375,-34.9888,0.0745,-34.9888,0.04375
-35.0882,-0.7,-35.0882,0.004375,-35.0882,0.0745,-35.0882,0.04375
-35.187599999999996,-0.66875,-35.187599999999996,0.00125,-35.187599999999996,0.0745,-35.187599999999996,0.05
-35.287,-0.6375,-35.287,0.0040625,-35.287,0.10575,-35.287,0.0375
-35.3864,-0.6375,-35.3864,0.0040625,-35.3864,0.0745,-35.3864,0.03125
-35.4858,-0.60625,-35.4858,0.0040625,-35.4858,0.10575,-35.4858,0.03125
-35.5852,-0.575,-35.5852,0.0040625,-35.5852,0.0745,-35.5852,0.025
-35.684599999999996,-0.5125,-35.684599999999996,0.000625,-35.684599999999996,0.0745,-35.684599999999996,0.03125
-35.784,-0.41875,-35.784,0.0034375,-35.784,0.10575,-35.784,0.03125
-35.8834,-0.3875,-35.8834,0.0040625,-35.8834,0.0745,-35.8834,0.025
-35.9828,-0.35625,-35.9828,0.001875,-35.9828,0.10575,-35.9828,0.025
-36.0822,-0.325,-36.0822,0.00125,-36.0822,0.0745,-36.0822,0.03125
-36.181599999999996,-0.29375,-36.181599999999996,0.0040625,-36.181599999999996,0.0745,-36.181599999999996,0.00625
-36.281,-0.23125,-36.281,0.000625,-36.281,0.0745,-36.281,0.0125
-36.3804,-0.1375,-36.3804,0.000625,-36.3804,0.0745,-36.3804,0.01875
-36.4798,-0.1375,-36.4798,0.0003125,-36.4798,0.0745,-36.4798,0.0125
-36.5792,-0.10625,-36.5792,0.003125,-36.5792,0.10575,-36.5792,0.0
-36.678599999999996,-0.04375,-36.678599999999996,0.00375,-36.678599999999996,0.10575,-36.678599999999996,0.00625
-36.778,0.01875,-36.778,0.0,-36.778,0.10575,-36.778,0.00625
-36.8774,0.05,-36.8774,0.0040625,-36.8774,0.0745,-36.8774,-0.00625
-36.9768,0.1125,-36.9768,0.0009375,-36.9768,0.10575,-36.9768,0.0
-37.0762,0.175,-37.0762,0.000625,-37.0762,0.0745,-37.0762,0.0
-37.175599999999996,0.2375,-37.175599999999996,0.000625,-37.175599999999996,0.10575,-37.175599999999996,-0.00625
-37.275,0.2375,-37.275,0.0025,-37.275,0.10575,-37.275,-0.00625
-37.3744,0.3,-37.3744,0.00125,-37.3744,0.0745,-37.3744,-0.00625
-37.4738,0.26875,-37.4738,0.0021875,-37.4738,0.0745,-37.4738,-0.0125
-37.5732,0.3625,-37.5732,0.0015625,-37.5732,0.10575,-37.5732,-0.025
-37.672599999999996,0.45625,-37.672599999999996,0.0025,-37.672599999999996,0.10575,-37.672599999999996,-0.025
-37.772,0.45625,-37.772,0.000625,-37.772,0.0745,-37.772,-0.01875
-37.8714,0.45625,-37.8714,0.00125,-37.8714,0.0745,-37.8714,-0.01875
-37.9708,0.51875,-37.9708,0.0003125,-37.9708,0.10575,-37.9708,-0.03125
-38.0702,0.58125,-38.0702,0.0009375,-38.0702,0.10575,-38.0702,-0.03125
-38.169599999999996,0.64375,-38.169599999999996,0.001875,-38.169599999999996,0.0745,-38.169599999999996,-0.03125
-38.269,0.675,-38.269,0.0021875,-38.269,0.0745,-38.269,-0.0375
-38.3684,0.70625,-38.3684,-0.0003125,-38.3684,0.0745,-38.3684,-0.01875
-38.4678,0.8,-38.4678,0.001875,-38.4678,0.0745,-38.4678,-0.04375
-38.5672,0.7375,-38.5672,0.0015625,-38.5672,0.10575,-38.5672,-0.05
-38.666599999999995,0.83125,-38.666599999999995,-0.0003125,-38.666599999999995,0.0745,-38.666599999999995,-0.03125
-38.766,0.8,-38.766,-0.0021875,-38.766,0.04325,-38.766,-0.03125
-38.8654,0.83125,-38.8654,0.0009375,-38.8654,0.04325,-38.8654,-0.0375
-38.9648,0.83125,-38.9648,0.0009375,-38.9648,0.0745,-38.9648,-0.05
-39.0642,0.8625,-39.0642,0.00125,-39.0642,0.0745,-39.0642,-0.05
-39.163599999999995,0.89375,-39.163599999999995,0.0003125,-39.163599999999995,0.0745,-39.163599999999995,-0.04375
-39.263,0.925,-39.263,0.000625,-39.263,0.04325,-39.263,-0.05
-39.3624,0.925,-39.3624,-0.0003125,-39.3624,0.0745,-39.3624,-0.05
-39.4618,0.925,-39.4618,-0.0009375,-39.4618,0.0745,-39.4618,-0.0375
-39.5612,0.95625,-39.5612,0.0021875,-39.5612,0.0745,-39.5612,-0.0625
-39.660599999999995,0.925,-39.660599999999995,-0.0009375,-39.660599999999995,0.04325,-39.660599999999995,-0.05
-39.76,0.925,-39.76,0.0009375,-39.76,0.04325,-39.76,-0.05
-39.8594,0.95625,-39.8594,-0.0015625,-39.8594,0.04325,-39.8594,-0.0375
-39.9588,0.95625,-39.9588,0.0009375,-39.9588,0.04325,-39.9588,-0.05
-40.0582,0.925,-40.0582,-0.0009375,-40.0582,0.0745,-40.0582,-0.03125
-40.157599999999995,0.925,-40.157599999999995,0.000625,-40.157599999999995,0.04325,-40.157599999999995,-0.05
-40.257,0.925,-40.257,-0.00125,-40.257,0.04325,-40.257,-0.05
-40.3564,0.89375,-40.3564,0.00125,-40.3564,0.04325,-40.3564,-0.04375
-40.455799999999996,0.83125,-40.455799999999996,0.0015625,-40.455799999999996,0.012,-40.455799999999996,-0.05
-40.5552,0.8625,-40.5552,0.0,-40.5552,0.012,-40.5552,-0.05
-40.654599999999995,0.8,-40.654599999999995,-0.00125,-40.654599999999995,0.012,-40.654599999999995,-0.04375
-40.754,0.83125,-40.754,0.00125,-40.754,0.04325,-40.754,-0.0375
-40.8534,0.76875,-40.8534,-0.000625,-40.8534,0.04325,-40.8534,-0.04375
-40.952799999999996,0.7375,-40.952799999999996,-0.0003125,-40.952799999999996,0.012,-40.952799999999996,-0.04375
-41.0522,0.7375,-41.0522,-0.0003125,-41.0522,0.04325,-41.0522,-0.04375
-41.151599999999995,0.675,-41.151599999999995,-0.00125,-41.151599999999995,0.04325,-41.151599999999995,-0.0375
-41.251,0.70625,-41.251,0.0015625,-41.251,0.04325,-41.251,-0.04375
-41.3504,0.64375,-41.3504,-0.000625,-41.3504,0.04325,-41.3504,-0.03125
-41.449799999999996,0.6125,-41.449799999999996,0.00125,-41.449799999999996,0.0745,-41.449799999999996,-0.0375
-41.5492,0.58125,-41.5492,-0.0009375,-41.5492,0.04325,-41.5492,-0.025
-41.648599999999995,0.4875,-41.648599999999995,0.001875,-41.648599999999995,0.04325,-41.648599999999995,-0.03125
-41.748,0.4875,-41.748,0.000625,-41.748,0.0745,-41.748,-0.025
-41.8474,0.45625,-41.8474,0.00125,-41.8474,0.04325,-41.8474,-0.025
-41.946799999999996,0.425,-41.946799999999996,0.0028125,-41.946799999999996,0.04325,-41.946799999999996,-0.025
-42.0462,0.3625,-42.0462,0.0009375,-42.0462,0.04325,-42.0462,-0.025
-42.145599999999995,0.33125,-42.145599999999995,0.0,-42.145599999999995,0.0745,-42.145599999999995,-0.0125
-42.245,0.26875,-42.245,0.000625,-42.245,0.0745,-42.245,-0.0125
-42.3444,0.20625,-42.3444,0.0009375,-42.3444,0.04325,-42.3444,-0.0125
-42.443799999999996,0.175,-42.443799999999996,0.0,-42.443799999999996,0.0745,-42.443799999999996,-0.0125
-42.5432,0.14375,-42.5432,0.0025,-42.5432,0.0745,-42.5432,-0.00625
-42.642599999999995,0.08125,-42.642599999999995,-0.0003125,-42.642599999999995,0.10575,-42.642599999999995,0.0
-42.742,0.08125,-42.742,0.0015625,-42.742,0.10575,-42.742,0.0
-42.8414,0.01875,-42.8414,-0.0009375,-42.8414,0.10575,-42.8414,0.00625
-42.940799999999996,-0.0125,-42.940799999999996,0.0021875,-42.940799999999996,0.0745,-42.940799999999996,-0.00625
-43.0402,-0.10625,-43.0402,-0.0003125,-43.0402,0.0745,-43.0402,0.0125
-43.139599999999994,-0.16875,-43.139599999999994,-0.000625,-43.139599999999994,0.0745,-43.139599999999994,0.0125
-43.239,-0.1375,-43.239,0.0034375,-43.239,0.10575,-43.239,0.00625
-43.3384,-0.2625,-43.3384,0.00125,-43.3384,0.10575,-43.3384,0.025
-43.437799999999996,-0.2625,-43.437799999999996,-0.00125,-43.437799999999996,0.10575,-43.437799999999996,0.025
-43.5372,-0.325,-43.5372,0.0025,-43.5372,0.10575,-43.5372,0.025
-43.636599999999994,-0.35625,-43.636599999999994,0.0021875,-43.636599999999994,0.137,-43.636599999999994,0.01875
-43.736,-0.45,-43.736,0.003125,-43.736,0.10575,-43.736,0.01875
-43.8354,-0.45,-43.8354,0.0028125,-43.8354,0.10575,-43.8354,0.03125
-43.934799999999996,-0.54375,-43.934799999999996,0.0034375,-43.934799999999996,0.137,-43.934799999999996,0.025
-44.0342,-0.5125,-44.0342,0.003125,-44.0342,0.137,-44.0342,0.025
-44.133599999999994,-0.60625,-44.133599999999994,0.000625,-44.133599999999994,0.16825,-44.133599999999994,0.03125
-44.233,-0.60625,-44.233,0.003125,-44.233,0.137,-44.233,0.03125
-44.3324,-0.6375,-44.3324,0.0040625,-44.3324,0.137,-44.3324,0.03125
-44.431799999999996,-0.66875,-44.431799999999996,0.0028125,-44.431799999999996,0.137,-44.431799999999996,0.04375
-44.5312,-0.7625,-44.5312,0.0025,-44.5312,0.16825,-44.5312,0.04375
-44.6306,-0.7625,-44.6306,0.00375,-44.6306,0.16825,-44.6306,0.0375
-44.73,-0.825,-44.73,0.0025,-44.73,0.16825,-44.73,0.0375
-44.8294,-0.85625,-44.8294,0.004375,-44.8294,0.137,-44.8294,0.04375
-44.928799999999995,-0.85625,-44.928799999999995,0.0034375,-44.928799999999995,0.137,-44.928799999999995,0.05
-45.0282,-0.85625,-45.0282,0.001875,-45.0282,0.137,-45.0282,0.05625
-45.1276,-0.8875,-45.1276,0.0046875,-45.1276,0.16825,-45.1276,0.04375
-45.227,-0.98125,-45.227,0.0025,-45.227,0.137,-45.227,0.0625
-45.3264,-0.95,-45.3264,0.0040625,-45.3264,0.137,-45.3264,0.05
-45.425799999999995,-0.98125,-45.425799999999995,0.005,-45.425799999999995,0.10575,-45.425799999999995,0.04375
-45.5252,-0.95,-45.5252,0.0046875,-45.5252,0.137,-45.5252,0.05625
-45.6246,-0.98125,-45.6246,0.00375,-45.6246,0.137,-45.6246,0.05
-45.724,-0.95,-45.724,0.0040625,-45.724,0.10575,-45.724,0.0625
-45.8234,-1.0125,-45.8234,0.003125,-45.8234,0.16825,-45.8234,0.05
-45.922799999999995,-0.98125,-45.922799999999995,0.0040625,-45.922799999999995,0.10575,-45.922799999999995,0.0625
-46.0222,-1.0125,-46.0222,0.0025,-46.0222,0.10575,-46.0222,0.05625
-46.1216,-0.98125,-46.1216,0.0028125,-46.1216,0.10575,-46.1216,0.05
-46.221,-0.95,-46.221,0.0021875,-46.221,0.10575,-46.221,0.05
-46.3204,-0.95,-46.3204,0.0028125,-46.3204,0.10575,-46.3204,0.05
-46.419799999999995,-0.95,-46.419799999999995,0.0025,-46.419799999999995,0.0745,-46.419799999999995,0.05
-46.5192,-0.95,-46.5192,0.0028125,-46.5192,0.137,-46.5192,0.05625
-46.6186,-0.8875,-46.6186,0.0028125,-46.6186,0.10575,-46.6186,0.05625
-46.717999999999996,-0.8875,-46.717999999999996,0.0059375,-46.717999999999996,0.10575,-46.717999999999996,0.04375
-46.8174,-0.8875,-46.8174,0.0046875,-46.8174,0.10575,-46.8174,0.05
-46.916799999999995,-0.8875,-46.916799999999995,0.005,-46.916799999999995,0.10575,-46.916799999999995,0.05
-47.0162,-0.825,-47.0162,0.0040625,-47.0162,0.0745,-47.0162,0.04375
-47.1156,-0.7625,-47.1156,0.0025,-47.1156,0.10575,-47.1156,0.0625
-47.214999999999996,-0.7625,-47.214999999999996,0.004375,-47.214999999999996,0.10575,-47.214999999999996,0.05625
-47.3144,-0.7,-47.3144,0.004375,-47.3144,0.10575,-47.3144,0.05
-47.413799999999995,-0.7,-47.413799999999995,0.0021875,-47.413799999999995,0.0745,-47.413799999999995,0.05
-47.5132,-0.7,-47.5132,0.0040625,-47.5132,0.0745,-47.5132,0.04375
-47.6126,-0.6375,-47.6126,0.0034375,-47.6126,0.0745,-47.6126,0.0375
-47.711999999999996,-0.575,-47.711999999999996,0.0040625,-47.711999999999996,0.10575,-47.711999999999996,0.03125
-47.8114,-0.54375,-47.8114,0.0040625,-47.8114,0.0745,-47.8114,0.0375
-47.910799999999995,-0.48125,-47.910799999999995,0.004375,-47.910799999999995,0.10575,-47.910799999999995,0.025
-48.0102,-0.45,-48.0102,0.0021875,-48.0102,0.0745,-48.0102,0.03125
-48.1096,-0.41875,-48.1096,0.0046875,-48.1096,0.0745,-48.1096,0.01875
-48.208999999999996,-0.35625,-48.208999999999996,0.0025,-48.208999999999996,0.10575,-48.208999999999996,0.0125
-48.3084,-0.325,-48.3084,0.0009375,-48.3084,0.10575,-48.3084,0.025
-48.407799999999995,-0.29375,-48.407799999999995,0.0028125,-48.407799999999995,0.0745,-48.407799999999995,0.0125
-48.5072,-0.29375,-48.5072,0.005,-48.5072,0.10575,-48.5072,0.01875
-48.6066,-0.1375,-48.6066,0.001875,-48.6066,0.0745,-48.6066,0.01875
-48.705999999999996,-0.1375,-48.705999999999996,0.001875,-48.705999999999996,0.10575,-48.705999999999996,0.01875
-48.8054,-0.10625,-48.8054,0.000625,-48.8054,0.10575,-48.8054,0.025
-48.904799999999994,-0.04375,-48.904799999999994,0.000625,-48.904799999999994,0.10575,-48.904799999999994,0.01875
-49.0042,-0.04375,-49.0042,0.0021875,-49.0042,0.0745,-49.0042,0.0
-49.1036,0.01875,-49.1036,0.0015625,-49.1036,0.04325,-49.1036,0.0125
-49.202999999999996,0.05,-49.202999999999996,0.0034375,-49.202999999999996,0.10575,-49.202999999999996,-0.00625
-49.3024,0.1125,-49.3024,0.000625,-49.3024,0.0745,-49.3024,0.0
-49.401799999999994,0.175,-49.401799999999994,0.0003125,-49.401799999999994,0.10575,-49.401799999999994,-0.00625
-49.5012,0.2375,-49.5012,0.0015625,-49.5012,0.10575,-49.5012,-0.00625
-49.6006,0.2375,-49.6006,0.0021875,-49.6006,0.0745,-49.6006,-0.0125
-49.699999999999996,0.3,-49.699999999999996,-0.000625,-49.699999999999996,0.0745,-49.699999999999996,-0.0125
-49.7994,0.39375,-49.7994,0.0028125,-49.7994,0.0745,-49.7994,-0.01875
-49.898799999999994,0.39375,-49.898799999999994,0.001875,-49.898799999999994,0.10575,-49.898799999999994,-0.0125
-49.9982,0.425,-49.9982,0.0028125,-49.9982,0.0745,-49.9982,-0.025
-50.0976,0.4875,-50.0976,0.001875,-50.0976,0.10575,-50.0976,-0.01875
-50.196999999999996,0.4875,-50.196999999999996,-0.0003125,-50.196999999999996,0.0745,-50.196999999999996,-0.025
-50.2964,0.58125,-50.2964,0.0015625,-50.2964,0.0745,-50.2964,-0.025
-50.395799999999994,0.6125,-50.395799999999994,-0.0009375,-50.395799999999994,0.0745,-50.395799999999994,-0.03125
-50.4952,0.64375,-50.4952,0.0009375,-50.4952,0.0745,-50.4952,-0.03125
-50.5946,0.675,-50.5946,0.0009375,-50.5946,0.0745,-50.5946,-0.0375
-50.693999999999996,0.70625,-50.693999999999996,0.003125,-50.693999999999996,0.0745,-50.693999999999996,-0.0375
-50.7934,0.8,-50.7934,0.0021875,-50.7934,0.0745,-50.7934,-0.05
-50.892799999999994,0.83125,-50.892799999999994,0.0009375,-50.892799999999994,0.0745,-50.892799999999994,-0.04375
-50.9922,0.76875,-50.9922,-0.00125,-50.9922,0.0745,-50.9922,-0.0375
-51.0916,0.83125,-51.0916,-0.0009375,-51.0916,0.0745,-51.0916,-0.0375
-51.190999999999995,0.83125,-51.190999999999995,-0.0009375,-51.190999999999995,0.0745,-51.190999999999995,-0.04375
-51.2904,0.89375,-51.2904,-0.0003125,-51.2904,0.0745,-51.2904,-0.0375
-51.389799999999994,0.89375,-51.389799999999994,0.0015625,-51.389799999999994,0.0745,-51.389799999999994,-0.04375
-51.4892,0.925,-51.4892,-0.001875,-51.4892,0.0745,-51.4892,-0.04375
-51.5886,0.925,-51.5886,-0.0015625,-51.5886,0.0745,-51.5886,-0.05
-51.687999999999995,0.925,-51.687999999999995,0.0003125,-51.687999999999995,0.04325,-51.687999999999995,-0.04375
-51.7874,0.95625,-51.7874,-0.0003125,-51.7874,0.0745,-51.7874,-0.04375
-51.886799999999994,0.925,-51.886799999999994,0.000625,-51.886799999999994,0.04325,-51.886799999999994,-0.05625
-51.9862,0.95625,-51.9862,0.00125,-51.9862,0.04325,-51.9862,-0.05
-52.0856,0.95625,-52.0856,-0.0009375,-52.0856,0.04325,-52.0856,-0.05
-52.184999999999995,0.95625,-52.184999999999995,-0.000625,-52.184999999999995,0.04325,-52.184999999999995,-0.04375
-52.2844,0.925,-52.2844,-0.000625,-52.2844,0.012,-52.2844,-0.04375
-52.383799999999994,0.925,-52.383799999999994,-0.0003125,-52.383799999999994,0.04325,-52.383799999999994,-0.04375
-52.4832,0.89375,-52.4832,0.000625,-52.4832,0.04325,-52.4832,-0.05
-52.5826,0.925,-52.5826,0.0015625,-52.5826,0.012,-52.5826,-0.04375
-52.681999999999995,0.925,-52.681999999999995,0.0009375,-52.681999999999995,0.04325,-52.681999999999995,-0.05
-52.7814,0.83125,-52.7814,-0.00125,-52.7814,0.012,-52.7814,-0.0375
-52.880799999999994,0.83125,-52.880799999999994,0.0003125,-52.880799999999994,0.012,-52.880799999999994,-0.0375
-52.980199999999996,0.8,-52.980199999999996,0.0003125,-52.980199999999996,0.012,-52.980199999999996,-0.04375
-53.0796,0.8,-53.0796,-0.0003125,-53.0796,0.04325,-53.0796,-0.0375
-53.178999999999995,0.8,-53.178999999999995,0.000625,-53.178999999999995,0.04325,-53.178999999999995,-0.0375
-53.2784,0.76875,-53.2784,-0.0003125,-53.2784,0.012,-53.2784,-0.04375
-53.37779999999999,0.70625,-53.37779999999999,0.000625,-53.37779999999999,0.012,-53.37779999999999,-0.03125
-53.477199999999996,0.70625,-53.477199999999996,-0.0015625,-53.477199999999996,0.012,-53.477199999999996,-0.01875
-53.5766,0.675,-53.5766,0.00125,-53.5766,0.04325,-53.5766,-0.03125
-53.675999999999995,0.6125,-53.675999999999995,0.000625,-53.675999999999995,0.04325,-53.675999999999995,-0.03125
-53.7754,0.58125,-53.7754,0.000625,-53.7754,0.012,-53.7754,-0.03125
-53.87479999999999,0.51875,-53.87479999999999,0.0015625,-53.87479999999999,0.012,-53.87479999999999,-0.03125
-53.974199999999996,0.51875,-53.974199999999996,-0.0009375,-53.974199999999996,0.04325,-53.974199999999996,-0.01875
-54.0736,0.4875,-54.0736,0.0028125,-54.0736,0.04325,-54.0736,-0.03125
-54.172999999999995,0.45625,-54.172999999999995,0.0009375,-54.172999999999995,0.04325,-54.172999999999995,-0.03125
-54.2724,0.425,-54.2724,0.0021875,-54.2724,0.012,-54.2724,-0.0125
-54.37179999999999,0.3625,-54.37179999999999,0.0009375,-54.37179999999999,0.04325,-54.37179999999999,-0.025
-54.471199999999996,0.33125,-54.471199999999996,0.0015625,-54.471199999999996,0.0745,-54.471199999999996,-0.01875
-54.5706,0.26875,-54.5706,0.0025,-54.5706,0.0745,-54.5706,-0.01875
-54.669999999999995,0.26875,-54.669999999999995,0.0,-54.669999999999995,0.04325,-54.669999999999995,-0.00625
-54.7694,0.175,-54.7694,-0.00125,-54.7694,0.04325,-54.7694,-0.00625
-54.86879999999999,0.1125,-54.86879999999999,0.000625,-54.86879999999999,0.04325,-54.86879999999999,0.0
-54.968199999999996,0.05,-54.968199999999996,0.0,-54.968199999999996,0.0745,-54.968199999999996,0.00625
-55.0676,0.01875,-55.0676,-0.0003125,-55.0676,0.0745,-55.0676,0.0
-55.166999999999994,-0.0125,-55.166999999999994,0.0021875,-55.166999999999994,0.0745,-55.166999999999994,-0.00625
-55.2664,-0.075,-55.2664,0.0034375,-55.2664,0.10575,-55.2664,-0.00625
-55.36579999999999,-0.10625,-55.36579999999999,0.0021875,-55.36579999999999,0.0745,-55.36579999999999,0.0125
-55.465199999999996,-0.1375,-55.465199999999996,0.0034375,-55.465199999999996,0.10575,-55.465199999999996,0.00625
-55.5646,-0.16875,-55.5646,0.0034375,-55.5646,0.0745,-55.5646,0.0125
-55.663999999999994,-0.23125,-55.663999999999994,0.0025,-55.663999999999994,0.10575,-55.663999999999994,0.025
-55.7634,-0.29375,-55.7634,0.0015625,-55.7634,0.10575,-55.7634,0.01875
-55.86279999999999,-0.35625,-55.86279999999999,0.001875,-55.86279999999999,0.10575,-55.86279999999999,0.01875
-55.962199999999996,-0.41875,-55.962199999999996,0.0028125,-55.962199999999996,0.10575,-55.962199999999996,0.01875
-56.0616,-0.41875,-56.0616,0.0034375,-56.0616,0.0745,-56.0616,0.025
-56.160999999999994,-0.48125,-56.160999999999994,0.0,-56.160999999999994,0.137,-56.160999999999994,0.025
-56.2604,-0.5125,-56.2604,0.0021875,-56.2604,0.10575,-56.2604,0.025
-56.35979999999999,-0.60625,-56.35979999999999,0.0003125,-56.35979999999999,0.137,-56.35979999999999,0.04375
-56.459199999999996,-0.6375,-56.459199999999996,0.0028125,-56.459199999999996,0.10575,-56.459199999999996,0.0375
-56.5586,-0.66875,-56.5586,0.0015625,-56.5586,0.10575,-56.5586,0.05
-56.657999999999994,-0.66875,-56.657999999999994,0.0009375,-56.657999999999994,0.10575,-56.657999999999994,0.05
-56.7574,-0.7,-56.7574,0.003125,-56.7574,0.137,-56.7574,0.04375
-56.85679999999999,-0.7625,-56.85679999999999,0.0021875,-56.85679999999999,0.137,-56.85679999999999,0.05
-56.956199999999995,-0.79375,-56.956199999999995,0.003125,-56.956199999999995,0.10575,-56.956199999999995,0.04375
-57.0556,-0.825,-57.0556,0.0028125,-57.0556,0.16825,-57.0556,0.04375
-57.154999999999994,-0.825,-57.154999999999994,0.0040625,-57.154999999999994,0.10575,-57.154999999999994,0.04375
-57.2544,-0.85625,-57.2544,0.0015625,-57.2544,0.137,-57.2544,0.05625
-57.35379999999999,-0.8875,-57.35379999999999,0.0015625,-57.35379999999999,0.137,-57.35379999999999,0.05625
-57.453199999999995,-0.8875,-57.453199999999995,0.0021875,-57.453199999999995,0.137,-57.453199999999995,0.0625
-57.5526,-0.95,-57.5526,0.0053125,-57.5526,0.137,-57.5526,0.05
-57.651999999999994,-0.91875,-57.651999999999994,0.004375,-57.651999999999994,0.137,-57.651999999999994,0.05
-57.7514,-0.98125,-57.7514,0.0046875,-57.7514,0.137,-57.7514,0.05
-57.8508,-0.98125,-57.8508,0.00375,-57.8508,0.137,-57.8508,0.05
-57.950199999999995,-1.0125,-57.950199999999995,0.0025,-57.950199999999995,0.10575,-57.950199999999995,0.05625
-58.0496,-0.98125,-58.0496,0.0046875,-58.0496,0.137,-58.0496,0.05
-58.148999999999994,-1.0125,-58.148999999999994,0.0034375,-58.148999999999994,0.10575,-58.148999999999994,0.05
-58.2484,-0.98125,-58.2484,0.004375,-58.2484,0.10575,-58.2484,0.05625
-58.3478,-0.98125,-58.3478,0.0034375,-58.3478,0.137,-58.3478,0.05625
-58.447199999999995,-1.0125,-58.447199999999995,0.0025,-58.447199999999995,0.10575,-58.447199999999995,0.05625
-58.5466,-0.95,-58.5466,0.0040625,-58.5466,0.10575,-58.5466,0.05625
-58.645999999999994,-0.95,-58.645999999999994,0.003125,-58.645999999999994,0.10575,-58.645999999999994,0.06875
-58.7454,-0.91875,-58.7454,0.0034375,-58.7454,0.10575,-58.7454,0.0625
-58.8448,-0.91875,-58.8448,0.0034375,-58.8448,0.10575,-58.8448,0.05625
-58.944199999999995,-0.8875,-58.944199999999995,0.0040625,-58.944199999999995,0.10575,-58.944199999999995,0.05625
-59.0436,-0.8875,-59.0436,0.003125,-59.0436,0.0745,-59.0436,0.04375
-59.142999999999994,-0.8875,-59.142999999999994,0.0028125,-59.142999999999994,0.0745,-59.142999999999994,0.05
-59.242399999999996,-0.85625,-59.242399999999996,0.0034375,-59.242399999999996,0.10575,-59.242399999999996,0.05625
-59.3418,-0.79375,-59.3418,0.001875,-59.3418,0.10575,-59.3418,0.05
-59.441199999999995,-0.825,-59.441199999999995,0.0046875,-59.441199999999995,0.10575,-59.441199999999995,0.04375
-59.5406,-0.7625,-59.5406,0.0034375,-59.5406,0.10575,-59.5406,0.04375
-59.63999999999999,-0.7,-59.63999999999999,0.0025,-59.63999999999999,0.0745,-59.63999999999999,0.0375
-59.739399999999996,-0.7,-59.739399999999996,0.0021875,-59.739399999999996,0.0745,-59.739399999999996,0.0375
-59.8388,-0.6375,-59.8388,0.0034375,-59.8388,0.10575,-59.8388,0.0375
-59.938199999999995,-0.6375,-59.938199999999995,0.0028125,-59.938199999999995,0.0745,-59.938199999999995,0.0375
-60.0376,-0.54375,-60.0376,0.0040625,-60.0376,0.0745,-60.0376,0.025
-60.13699999999999,-0.5125,-60.13699999999999,0.00125,-60.13699999999999,0.0745,-60.13699999999999,0.04375
-60.236399999999996,-0.48125,-60.236399999999996,0.0040625,-60.236399999999996,0.0745,-60.236399999999996,0.04375
-60.3358,-0.45,-60.3358,0.0028125,-60.3358,0.0745,-60.3358,0.025
-60.435199999999995,-0.3875,-60.435199999999995,0.0025,-60.435199999999995,0.10575,-60.435199999999995,0.025
-60.5346,-0.35625,-60.5346,0.0034375,-60.5346,0.10575,-60.5346,0.025
-60.63399999999999,-0.325,-60.63399999999999,0.0025,-60.63399999999999,0.0745,-60.63399999999999,0.03125
-60.733399999999996,-0.2625,-60.733399999999996,0.0040625,-60.733399999999996,0.10575,-60.733399999999996,0.01875
-60.8328,-0.2625,-60.8328,0.001875,-60.8328,0.10575,-60.8328,0.01875
-60.932199999999995,-0.23125,-60.932199999999995,0.0003125,-60.932199999999995,0.04325,-60.932199999999995,0.025
-61.0316,-0.10625,-61.0316,0.0021875,-61.0316,0.04325,-61.0316,0.00625
-61.13099999999999,-0.075,-61.13099999999999,-0.0009375,-61.13099999999999,0.0745,-61.13099999999999,0.00625
-61.230399999999996,-0.0125,-61.230399999999996,0.0009375,-61.230399999999996,0.0745,-61.230399999999996,0.00625
-61.3298,-0.0125,-61.3298,0.0046875,-61.3298,0.10575,-61.3298,0.00625
-61.429199999999994,0.05,-61.429199999999994,0.0003125,-61.429199999999994,0.0745,-61.429199999999994,0.00625
-61.5286,0.1125,-61.5286,0.0,-61.5286,0.10575,-61.5286,0.0
-61.62799999999999,0.14375,-61.62799999999999,0.00375,-61.62799999999999,0.0745,-61.62799999999999,-0.0125
-61.727399999999996,0.175,-61.727399999999996,0.000625,-61.727399999999996,0.0745,-61.727399999999996,0.00625
-61.8268,0.26875,-61.8268,0.0028125,-61.8268,0.0745,-61.8268,-0.0125
-61.926199999999994,0.26875,-61.926199999999994,0.001875,-61.926199999999994,0.04325,-61.926199999999994,-0.0125
-62.0256,0.33125,-62.0256,0.00125,-62.0256,0.10575,-62.0256,-0.00625
-62.12499999999999,0.39375,-62.12499999999999,0.0003125,-62.12499999999999,0.0745,-62.12499999999999,-0.01875
-62.224399999999996,0.425,-62.224399999999996,-0.0003125,-62.224399999999996,0.0745,-62.224399999999996,-0.0125
-62.3238,0.45625,-62.3238,0.001875,-62.3238,0.0745,-62.3238,-0.03125
-62.423199999999994,0.4875,-62.423199999999994,-0.000625,-62.423199999999994,0.0745,-62.423199999999994,-0.0125
-62.5226,0.55,-62.5226,-0.000625,-62.5226,0.04325,-62.5226,-0.01875
-62.62199999999999,0.6125,-62.62199999999999,0.0009375,-62.62199999999999,0.0745,-62.62199999999999,-0.025
-62.721399999999996,0.64375,-62.721399999999996,-0.0009375,-62.721399999999996,0.0745,-62.721399999999996,-0.01875
-62.8208,0.675,-62.8208,0.0009375,-62.8208,0.0745,-62.8208,-0.03125
-62.920199999999994,0.70625,-62.920199999999994,0.0003125,-62.920199999999994,0.04325,-62.920199999999994,-0.03125
-63.0196,0.70625,-63.0196,0.0003125,-63.0196,0.0745,-63.0196,-0.03125
-63.11899999999999,0.70625,-63.11899999999999,0.0009375,-63.11899999999999,0.0745,-63.11899999999999,-0.0375
-63.218399999999995,0.8,-63.218399999999995,0.001875,-63.218399999999995,0.0745,-63.218399999999995,-0.04375
-63.3178,0.83125,-63.3178,-0.001875,-63.3178,0.0745,-63.3178,-0.03125
-63.417199999999994,0.83125,-63.417199999999994,0.00125,-63.417199999999994,0.04325,-63.417199999999994,-0.0375
-63.5166,0.83125,-63.5166,-0.000625,-63.5166,0.0745,-63.5166,-0.0375
-63.61599999999999,0.89375,-63.61599999999999,0.000625,-63.61599999999999,0.0745,-63.61599999999999,-0.05
-63.715399999999995,0.89375,-63.715399999999995,0.001875,-63.715399999999995,0.04325,-63.715399999999995,-0.0375
-63.8148,0.925,-63.8148,0.000625,-63.8148,0.04325,-63.8148,-0.04375
-63.914199999999994,0.95625,-63.914199999999994,0.0009375,-63.914199999999994,0.04325,-63.914199999999994,-0.04375
-64.0136,0.925,-64.0136,-0.000625,-64.0136,0.0745,-64.0136,-0.04375
-64.113,0.925,-64.113,-0.000625,-64.113,0.04325,-64.113,-0.04375
-64.2124,0.95625,-64.2124,0.000625,-64.2124,0.04325,-64.2124,-0.04375
-64.31179999999999,0.95625,-64.31179999999999,-0.0003125,-64.31179999999999,0.04325,-64.31179999999999,-0.0375
-64.4112,0.95625,-64.4112,0.00125,-64.4112,0.012,-64.4112,-0.05625
-64.5106,0.925,-64.5106,0.0009375,-64.5106,0.012,-64.5106,-0.05
-64.61,0.89375,-64.61,-0.000625,-64.61,0.012,-64.61,-0.05
-64.7094,0.925,-64.7094,0.0003125,-64.7094,0.012,-64.7094,-0.05
-64.80879999999999,0.8625,-64.80879999999999,-0.0003125,-64.80879999999999,0.012,-64.80879999999999,-0.04375
-64.9082,0.89375,-64.9082,-0.0003125,-64.9082,-0.01925,-64.9082,-0.04375
-65.0076,0.8625,-65.0076,0.0025,-65.0076,0.012,-65.0076,-0.05625
-65.107,0.8625,-65.107,-0.0003125,-65.107,0.012,-65.107,-0.0375
-65.2064,0.83125,-65.2064,0.000625,-65.2064,0.04325,-65.2064,-0.04375
-65.30579999999999,0.8,-65.30579999999999,-0.00125,-65.30579999999999,0.012,-65.30579999999999,-0.04375
-65.4052,0.8,-65.4052,0.0003125,-65.4052,-0.01925,-65.4052,-0.04375
-65.5046,0.7375,-65.5046,0.0003125,-65.5046,0.012,-65.5046,-0.0375
-65.604,0.7375,-65.604,-0.0009375,-65.604,0.012,-65.604,-0.025
-65.7034,0.70625,-65.7034,-0.0003125,-65.7034,0.012,-65.7034,-0.0375
-65.80279999999999,0.64375,-65.80279999999999,0.0015625,-65.80279999999999,0.04325,-65.80279999999999,-0.04375
-65.9022,0.6125,-65.9022,0.0003125,-65.9022,0.04325,-65.9022,-0.03125
-66.0016,0.6125,-66.0016,0.000625,-66.0016,0.04325,-66.0016,-0.03125
-66.101,0.58125,-66.101,0.0003125,-66.101,0.04325,-66.101,-0.025
-66.2004,0.51875,-66.2004,0.0015625,-66.2004,0.012,-66.2004,-0.04375
-66.29979999999999,0.4875,-66.29979999999999,-0.000625,-66.29979999999999,0.012,-66.29979999999999,-0.01875
-66.3992,0.45625,-66.3992,0.0,-66.3992,0.012,-66.3992,-0.025
-66.4986,0.39375,-66.4986,0.001875,-66.4986,0.04325,-66.4986,-0.0375
-66.598,0.39375,-66.598,0.0015625,-66.598,0.04325,-66.598,-0.025
-66.6974,0.39375,-66.6974,0.0015625,-66.6974,0.04325,-66.6974,-0.01875
-66.79679999999999,0.2375,-66.79679999999999,0.0015625,-66.79679999999999,0.0745,-66.79679999999999,-0.00625
-66.8962,0.2375,-66.8962,-0.0003125,-66.8962,0.04325,-66.8962,-0.00625
-66.9956,0.175,-66.9956,0.003125,-66.9956,0.0745,-66.9956,-0.0125
-67.095,0.1125,-67.095,0.0009375,-67.095,0.0745,-67.095,-0.00625
-67.1944,0.1125,-67.1944,0.0021875,-67.1944,0.0745,-67.1944,0.0
-67.29379999999999,0.08125,-67.29379999999999,0.001875,-67.29379999999999,0.0745,-67.29379999999999,-0.00625
-67.3932,-0.0125,-67.3932,0.0015625,-67.3932,0.0745,-67.3932,0.00625
-67.4926,-0.075,-67.4926,0.0015625,-67.4926,0.0745,-67.4926,0.0
-67.592,-0.10625,-67.592,0.001875,-67.592,0.0745,-67.592,0.00625
-67.6914,-0.16875,-67.6914,0.000625,-67.6914,0.0745,-67.6914,0.00625
-67.79079999999999,-0.2,-67.79079999999999,0.000625,-67.79079999999999,0.0745,-67.79079999999999,0.01875
-67.8902,-0.23125,-67.8902,0.0009375,-67.8902,0.0745,-67.8902,0.0125
-67.9896,-0.2625,-67.9896,0.0021875,-67.9896,0.10575,-67.9896,0.0125
-68.089,-0.325,-68.089,0.00125,-68.089,0.10575,-68.089,0.025
-68.1884,-0.325,-68.1884,0.000625,-68.1884,0.10575,-68.1884,0.025
-68.28779999999999,-0.41875,-68.28779999999999,0.001875,-68.28779999999999,0.10575,-68.28779999999999,0.03125
-68.38719999999999,-0.45,-68.38719999999999,0.0009375,-68.38719999999999,0.10575,-68.38719999999999,0.025
-68.4866,-0.48125,-68.4866,0.00125,-68.4866,0.137,-68.4866,0.025
-68.586,-0.60625,-68.586,0.0009375,-68.586,0.10575,-68.586,0.03125
-68.6854,-0.60625,-68.6854,0.00125,-68.6854,0.10575,-68.6854,0.04375
-68.78479999999999,-0.60625,-68.78479999999999,0.0,-68.78479999999999,0.137,-68.78479999999999,0.05
-68.88419999999999,-0.7,-68.88419999999999,0.0025,-68.88419999999999,0.10575,-68.88419999999999,0.03125
-68.9836,-0.7625,-68.9836,0.00125,-68.9836,0.10575,-68.9836,0.04375
-69.083,-0.7625,-69.083,0.0034375,-69.083,0.0745,-69.083,0.04375
-69.1824,-0.7625,-69.1824,0.0003125,-69.1824,0.137,-69.1824,0.04375
-69.28179999999999,-0.825,-69.28179999999999,0.0015625,-69.28179999999999,0.137,-69.28179999999999,0.05
-69.38119999999999,-0.825,-69.38119999999999,0.00125,-69.38119999999999,0.137,-69.38119999999999,0.05625
-69.4806,-0.825,-69.4806,0.0034375,-69.4806,0.10575,-69.4806,0.04375
-69.58,-0.85625,-69.58,0.0034375,-69.58,0.137,-69.58,0.04375
-69.6794,-0.91875,-69.6794,0.001875,-69.6794,0.137,-69.6794,0.05
-69.77879999999999,-0.8875,-69.77879999999999,0.0034375,-69.77879999999999,0.10575,-69.77879999999999,0.05
-69.87819999999999,-0.91875,-69.87819999999999,0.0034375,-69.87819999999999,0.16825,-69.87819999999999,0.05625
-69.9776,-0.8875,-69.9776,0.0025,-69.9776,0.137,-69.9776,0.06875
-70.077,-0.98125,-70.077,0.0034375,-70.077,0.10575,-70.077,0.05
-70.1764,-0.98125,-70.1764,0.0025,-70.1764,0.10575,-70.1764,0.05625
-70.27579999999999,-0.98125,-70.27579999999999,0.0034375,-70.27579999999999,0.137,-70.27579999999999,0.05625
-70.37519999999999,-1.0125,-70.37519999999999,0.0028125,-70.37519999999999,0.10575,-70.37519999999999,0.05
-70.4746,-0.95,-70.4746,0.004375,-70.4746,0.137,-70.4746,0.04375
-70.574,-1.0125,-70.574,0.004375,-70.574,0.10575,-70.574,0.05
-70.6734,-1.0125,-70.6734,0.003125,-70.6734,0.10575,-70.6734,0.05625
-70.77279999999999,-0.98125,-70.77279999999999,0.001875,-70.77279999999999,0.10575,-70.77279999999999,0.0625
-70.87219999999999,-0.98125,-70.87219999999999,0.001875,-70.87219999999999,0.10575,-70.87219999999999,0.0625
-70.9716,-0.95,-70.9716,0.004375,-70.9716,0.0745,-70.9716,0.05
-71.071,-0.95,-71.071,0.004375,-71.071,0.137,-71.071,0.05
-71.1704,-0.8875,-71.1704,0.004375,-71.1704,0.10575,-71.1704,0.05
-71.26979999999999,-0.8875,-71.26979999999999,0.00375,-71.26979999999999,0.0745,-71.26979999999999,0.05
-71.36919999999999,-0.8875,-71.36919999999999,0.0040625,-71.36919999999999,0.0745,-71.36919999999999,0.05625
-71.4686,-0.825,-71.4686,0.0034375,-71.4686,0.10575,-71.4686,0.05
-71.568,-0.825,-71.568,0.003125,-71.568,0.0745,-71.568,0.05625
-71.6674,-0.79375,-71.6674,0.001875,-71.6674,0.0745,-71.6674,0.04375
-71.76679999999999,-0.73125,-71.76679999999999,0.005,-71.76679999999999,0.10575,-71.76679999999999,0.05
-71.86619999999999,-0.7,-71.86619999999999,0.0028125,-71.86619999999999,0.0745,-71.86619999999999,0.03125
-71.9656,-0.73125,-71.9656,0.005,-71.9656,0.0745,-71.9656,0.0375
-72.065,-0.66875,-72.065,0.0034375,-72.065,0.04325,-72.065,0.0375
-72.1644,-0.6375,-72.1644,0.0040625,-72.1644,0.10575,-72.1644,0.025
-72.26379999999999,-0.575,-72.26379999999999,0.0034375,-72.26379999999999,0.0745,-72.26379999999999,0.0375
-72.36319999999999,-0.5125,-72.36319999999999,0.0025,-72.36319999999999,0.0745,-72.36319999999999,0.0375
-72.4626,-0.5125,-72.4626,0.0040625,-72.4626,0.0745,-72.4626,0.03125
-72.562,-0.48125,-72.562,0.00375,-72.562,0.0745,-72.562,0.025
-72.6614,-0.45,-72.6614,0.000625,-72.6614,0.0745,-72.6614,0.0375
-72.76079999999999,-0.325,-72.76079999999999,0.0025,-72.76079999999999,0.0745,-72.76079999999999,0.025
-72.86019999999999,-0.35625,-72.86019999999999,0.003125,-72.86019999999999,0.0745,-72.86019999999999,0.01875
-72.9596,-0.29375,-72.9596,0.000625,-72.9596,0.0745,-72.9596,0.025
-73.059,-0.2625,-73.059,0.003125,-73.059,0.10575,-73.059,0.01875
-73.1584,-0.2,-73.1584,0.0028125,-73.1584,0.0745,-73.1584,0.0125
-73.25779999999999,-0.16875,-73.25779999999999,0.0025,-73.25779999999999,0.0745,-73.25779999999999,0.0125
-73.35719999999999,-0.10625,-73.35719999999999,0.0021875,-73.35719999999999,0.0745,-73.35719999999999,0.01875
-73.4566,-0.075,-73.4566,0.001875,-73.4566,0.0745,-73.4566,0.0
-73.556,-0.075,-73.556,0.0015625,-73.556,0.0745,-73.556,0.0
-73.6554,0.01875,-73.6554,0.0028125,-73.6554,0.0745,-73.6554,-0.00625
-73.75479999999999,0.05,-73.75479999999999,0.001875,-73.75479999999999,0.0745,-73.75479999999999,0.00625
-73.85419999999999,0.1125,-73.85419999999999,0.0034375,-73.85419999999999,0.10575,-73.85419999999999,-0.00625
-73.9536,0.1125,-73.9536,0.0034375,-73.9536,0.04325,-73.9536,0.0
-74.053,0.2375,-74.053,0.0028125,-74.053,0.0745,-74.053,-0.01875
-74.1524,0.3,-74.1524,0.0003125,-74.1524,0.0745,-74.1524,-0.00625
-74.25179999999999,0.3,-74.25179999999999,0.0028125,-74.25179999999999,0.0745,-74.25179999999999,-0.0125
-74.35119999999999,0.33125,-74.35119999999999,0.0009375,-74.35119999999999,0.0745,-74.35119999999999,-0.0125
-74.4506,0.425,-74.4506,0.000625,-74.4506,0.10575,-74.4506,-0.0125
-74.55,0.45625,-74.55,0.001875,-74.55,0.0745,-74.55,-0.01875
-74.6494,0.4875,-74.6494,0.0009375,-74.6494,0.0745,-74.6494,-0.03125
-74.74879999999999,0.51875,-74.74879999999999,0.001875,-74.74879999999999,0.0745,-74.74879999999999,-0.025
-74.84819999999999,0.58125,-74.84819999999999,0.0028125,-74.84819999999999,0.0745,-74.84819999999999,-0.04375
-74.9476,0.64375,-74.9476,0.000625,-74.9476,0.0745,-74.9476,-0.025
-75.047,0.64375,-75.047,0.000625,-75.047,0.0745,-75.047,-0.025
-75.1464,0.675,-75.1464,-0.0003125,-75.1464,0.04325,-75.1464,-0.025
-75.24579999999999,0.70625,-75.24579999999999,0.0003125,-75.24579999999999,0.0745,-75.24579999999999,-0.03125
-75.34519999999999,0.7375,-75.34519999999999,0.0015625,-75.34519999999999,0.0745,-75.34519999999999,-0.03125
-75.4446,0.76875,-75.4446,0.00125,-75.4446,0.04325,-75.4446,-0.0375
-75.544,0.76875,-75.544,0.000625,-75.544,0.0745,-75.544,-0.04375
-75.6434,0.8,-75.6434,0.0021875,-75.6434,0.0745,-75.6434,-0.05
-75.74279999999999,0.8,-75.74279999999999,0.0021875,-75.74279999999999,0.04325,-75.74279999999999,-0.05
-75.84219999999999,0.89375,-75.84219999999999,0.001875,-75.84219999999999,0.0745,-75.84219999999999,-0.05
-75.9416,0.925,-75.9416,-0.0009375,-75.9416,0.04325,-75.9416,-0.0375
-76.041,0.925,-76.041,0.001875,-76.041,0.04325,-76.041,-0.05
-76.1404,0.89375,-76.1404,0.00125,-76.1404,0.0745,-76.1404,-0.05
-76.23979999999999,0.95625,-76.23979999999999,0.0003125,-76.23979999999999,0.04325,-76.23979999999999,-0.04375
-76.33919999999999,0.925,-76.33919999999999,0.0003125,-76.33919999999999,0.04325,-76.33919999999999,-0.05
-76.4386,0.89375,-76.4386,0.0009375,-76.4386,0.0745,-76.4386,-0.05
-76.538,0.95625,-76.538,-0.001875,-76.538,0.04325,-76.538,-0.05
-76.6374,0.95625,-76.6374,0.00125,-76.6374,0.012,-76.6374,-0.04375
-76.73679999999999,0.95625,-76.73679999999999,0.0003125,-76.73679999999999,0.04325,-76.73679999999999,-0.05625
-76.83619999999999,0.95625,-76.83619999999999,0.0021875,-76.83619999999999,0.04325,-76.83619999999999,-0.0625
-76.9356,0.925,-76.9356,-0.0003125,-76.9356,0.012,-76.9356,-0.05
-77.035,0.89375,-77.035,0.0021875,-77.035,0.04325,-77.035,-0.05
-77.1344,0.925,-77.1344,0.0,-77.1344,0.012,-77.1344,-0.04375
-77.23379999999999,0.8625,-77.23379999999999,0.0015625,-77.23379999999999,0.012,-77.23379999999999,-0.05625
-77.33319999999999,0.89375,-77.33319999999999,0.0025,-77.33319999999999,0.04325,-77.33319999999999,-0.0625
-77.4326,0.8625,-77.4326,-0.0021875,-77.4326,0.012,-77.4326,-0.0375
-77.532,0.83125,-77.532,-0.0003125,-77.532,0.04325,-77.532,-0.0375
-77.6314,0.8625,-77.6314,0.0,-77.6314,0.012,-77.6314,-0.0375
-77.73079999999999,0.83125,-77.73079999999999,0.000625,-77.73079999999999,0.012,-77.73079999999999,-0.03125
-77.83019999999999,0.76875,-77.83019999999999,-0.0025,-77.83019999999999,0.04325,-77.83019999999999,-0.03125
-77.9296,0.76875,-77.9296,-0.0003125,-77.9296,0.012,-77.9296,-0.0375
-78.029,0.675,-78.029,0.0009375,-78.029,0.04325,-78.029,-0.04375
-78.1284,0.675,-78.1284,-0.001875,-78.1284,0.04325,-78.1284,-0.025
-78.22779999999999,0.6125,-78.22779999999999,-0.0021875,-78.22779999999999,0.04325,-78.22779999999999,-0.01875
-78.32719999999999,0.6125,-78.32719999999999,0.0009375,-78.32719999999999,0.012,-78.32719999999999,-0.025
-78.4266,0.51875,-78.4266,0.000625,-78.4266,0.04325,-78.4266,-0.0375
-78.526,0.51875,-78.526,0.0003125,-78.526,0.04325,-78.526,-0.0125
-78.6254,0.45625,-78.6254,0.0009375,-78.6254,0.04325,-78.6254,-0.01875
-78.72479999999999,0.425,-78.72479999999999,-0.000625,-78.72479999999999,0.0745,-78.72479999999999,-0.01875
-78.82419999999999,0.3625,-78.82419999999999,0.0,-78.82419999999999,0.04325,-78.82419999999999,-0.0125
-78.9236,0.33125,-78.9236,0.0021875,-78.9236,0.04325,-78.9236,-0.01875
-79.023,0.26875,-79.023,-0.0003125,-79.023,0.04325,-79.023,-0.0125
-79.1224,0.20625,-79.1224,0.0009375,-79.1224,0.04325,-79.1224,-0.0125
-79.22179999999999,0.175,-79.22179999999999,0.0025,-79.22179999999999,0.04325,-79.22179999999999,-0.0125
-79.32119999999999,0.20625,-79.32119999999999,0.0,-79.32119999999999,0.0745,-79.32119999999999,-0.00625
-79.4206,0.08125,-79.4206,-0.0009375,-79.4206,0.04325,-79.4206,-0.00625
-79.52,0.1125,-79.52,-0.000625,-79.52,0.04325,-79.52,0.00625
-79.6194,0.01875,-79.6194,0.0,-79.6194,0.0745,-79.6194,0.0
-79.71879999999999,-0.04375,-79.71879999999999,0.0028125,-79.71879999999999,0.0745,-79.71879999999999,0.0
-79.81819999999999,-0.04375,-79.81819999999999,0.00125,-79.81819999999999,0.04325,-79.81819999999999,0.0125
-79.9176,-0.10625,-79.9176,0.0009375,-79.9176,0.0745,-79.9176,0.00625
-80.017,-0.16875,-80.017,-0.0009375,-80.017,0.10575,-80.017,0.0125
-80.1164,-0.1375,-80.1164,0.0015625,-80.1164,0.10575,-80.1164,0.0125
-80.21579999999999,-0.23125,-80.21579999999999,0.0025,-80.21579999999999,0.10575,-80.21579999999999,0.025
-80.31519999999999,-0.2625,-80.31519999999999,0.000625,-80.31519999999999,0.10575,-80.31519999999999,0.0375
-80.4146,-0.325,-80.4146,0.00125,-80.4146,0.10575,-80.4146,0.03125
-80.514,-0.3875,-80.514,0.00125,-80.514,0.10575,-80.514,0.0375
-80.6134,-0.3875,-80.6134,0.000625,-80.6134,0.137,-80.6134,0.025
-80.71279999999999,-0.48125,-80.71279999999999,0.0021875,-80.71279999999999,0.10575,-80.71279999999999,0.0375
-80.81219999999999,-0.575,-80.81219999999999,0.003125,-80.81219999999999,0.137,-80.81219999999999,0.0375
-80.91159999999999,-0.54375,-80.91159999999999,0.0034375,-80.91159999999999,0.137,-80.91159999999999,0.03125
-81.011,-0.60625,-81.011,0.0040625,-81.011,0.137,-81.011,0.03125
-81.1104,-0.60625,-81.1104,0.003125,-81.1104,0.16825,-81.1104,0.0375
-81.20979999999999,-0.73125,-81.20979999999999,0.0034375,-81.20979999999999,0.10575,-81.20979999999999,0.04375
-81.30919999999999,-0.7,-81.30919999999999,0.0040625,-81.30919999999999,0.16825,-81.30919999999999,0.0375
-81.40859999999999,-0.79375,-81.40859999999999,0.003125,-81.40859999999999,0.137,-81.40859999999999,0.05
-81.508,-0.79375,-81.508,0.004375,-81.508,0.137,-81.508,0.05
-81.6074,-0.825,-81.6074,0.003125,-81.6074,0.16825,-81.6074,0.04375
-81.70679999999999,-0.85625,-81.70679999999999,0.0021875,-81.70679999999999,0.137,-81.70679999999999,0.05
-81.80619999999999,-0.825,-81.80619999999999,0.00375,-81.80619999999999,0.137,-81.80619999999999,0.0625
-81.90559999999999,-0.91875,-81.90559999999999,0.0053125,-81.90559999999999,0.137,-81.90559999999999,0.05
-82.005,-0.91875,-82.005,0.0025,-82.005,0.137,-82.005,0.05625
-82.1044,-0.95,-82.1044,0.0040625,-82.1044,0.137,-82.1044,0.05
-82.20379999999999,-0.98125,-82.20379999999999,0.003125,-82.20379999999999,0.137,-82.20379999999999,0.05
-82.30319999999999,-0.98125,-82.30319999999999,0.004375,-82.30319999999999,0.10575,-82.30319999999999,0.0375
-82.40259999999999,-0.98125,-82.40259999999999,0.00375,-82.40259999999999,0.137,-82.40259999999999,0.05
-82.502,-0.95,-82.502,0.00125,-82.502,0.137,-82.502,0.05625
-82.6014,-0.98125,-82.6014,0.0025,-82.6014,0.10575,-82.6014,0.075
-82.70079999999999,-0.95,-82.70079999999999,0.005,-82.70079999999999,0.16825,-82.70079999999999,0.04375
-82.80019999999999,-1.0125,-82.80019999999999,0.0046875,-82.80019999999999,0.10575,-82.80019999999999,0.04375
-82.89959999999999,-0.98125,-82.89959999999999,0.0034375,-82.89959999999999,0.10575,-82.89959999999999,0.05625
-82.999,-0.95,-82.999,0.0034375,-82.999,0.10575,-82.999,0.0625
-83.0984,-0.98125,-83.0984,0.0025,-83.0984,0.10575,-83.0984,0.05625
-83.19779999999999,-0.98125,-83.19779999999999,0.005625,-83.19779999999999,0.10575,-83.19779999999999,0.05
-83.29719999999999,-0.8875,-83.29719999999999,0.0034375,-83.29719999999999,0.10575,-83.29719999999999,0.05625
-83.39659999999999,-0.95,-83.39659999999999,0.0025,-83.39659999999999,0.10575,-83.39659999999999,0.0625
-83.496,-0.95,-83.496,0.0025,-83.496,0.10575,-83.496,0.05625
-83.5954,-0.8875,-83.5954,0.0034375,-83.5954,0.137,-83.5954,0.04375
-83.69479999999999,-0.85625,-83.69479999999999,0.0040625,-83.69479999999999,0.10575,-83.69479999999999,0.05625
-83.79419999999999,-0.8875,-83.79419999999999,0.0053125,-83.79419999999999,0.10575,-83.79419999999999,0.05625
-83.89359999999999,-0.79375,-83.89359999999999,0.0040625,-83.89359999999999,0.10575,-83.89359999999999,0.04375
-83.993,-0.825,-83.993,0.00125,-83.993,0.10575,-83.993,0.05625
-84.0924,-0.7625,-84.0924,0.0009375,-84.0924,0.10575,-84.0924,0.05625
-84.19179999999999,-0.7625,-84.19179999999999,0.0021875,-84.19179999999999,0.0745,-84.19179999999999,0.04375
-84.29119999999999,-0.66875,-84.29119999999999,0.0021875,-84.29119999999999,0.10575,-84.29119999999999,0.05
-84.39059999999999,-0.6375,-84.39059999999999,0.0025,-84.39059999999999,0.10575,-84.39059999999999,0.0375
-84.49,-0.6375,-84.49,0.0009375,-84.49,0.0745,-84.49,0.04375
-84.5894,-0.575,-84.5894,0.0015625,-84.5894,0.0745,-84.5894,0.04375
-84.68879999999999,-0.54375,-84.68879999999999,0.0021875,-84.68879999999999,0.0745,-84.68879999999999,0.03125
-84.78819999999999,-0.5125,-84.78819999999999,0.0053125,-84.78819999999999,0.10575,-84.78819999999999,0.0375
-84.88759999999999,-0.45,-84.88759999999999,0.001875,-84.88759999999999,0.0745,-84.88759999999999,0.04375
-84.987,-0.41875,-84.987,0.0028125,-84.987,0.10575,-84.987,0.0125
-85.0864,-0.35625,-85.0864,0.0040625,-85.0864,0.04325,-85.0864,0.01875
-85.18579999999999,-0.29375,-85.18579999999999,0.0009375,-85.18579999999999,0.10575,-85.18579999999999,0.01875
-85.28519999999999,-0.2625,-85.28519999999999,0.00125,-85.28519999999999,0.10575,-85.28519999999999,0.01875
-85.38459999999999,-0.2,-85.38459999999999,0.0028125,-85.38459999999999,0.10575,-85.38459999999999,0.0125
-85.484,-0.2,-85.484,0.0040625,-85.484,0.10575,-85.484,0.00625
-85.5834,-0.1375,-85.5834,0.0021875,-85.5834,0.10575,-85.5834,0.0125
-85.68279999999999,-0.04375,-85.68279999999999,0.0021875,-85.68279999999999,0.0745,-85.68279999999999,0.0125
-85.78219999999999,-0.04375,-85.78219999999999,0.0034375,-85.78219999999999,0.0745,-85.78219999999999,0.0125
-85.88159999999999,0.01875,-85.88159999999999,0.0003125,-85.88159999999999,0.10575,-85.88159999999999,0.00625
-85.981,0.01875,-85.981,0.00125,-85.981,0.0745,-85.981,0.0125
-86.0804,0.08125,-86.0804,0.0021875,-86.0804,0.0745,-86.0804,-0.00625
-86.17979999999999,0.1125,-86.17979999999999,0.001875,-86.17979999999999,0.0745,-86.17979999999999,-0.00625
-86.27919999999999,0.14375,-86.27919999999999,0.001875,-86.27919999999999,0.0745,-86.27919999999999,-0.00625
-86.37859999999999,0.26875,-86.37859999999999,0.0025,-86.37859999999999,0.10575,-86.37859999999999,-0.00625
-86.478,0.26875,-86.478,-0.0003125,-86.478,0.10575,-86.478,-0.0125
-86.5774,0.3,-86.5774,0.0015625,-86.5774,0.0745,-86.5774,-0.0125
-86.67679999999999,0.39375,-86.67679999999999,0.001875,-86.67679999999999,0.0745,-86.67679999999999,-0.01875
-86.77619999999999,0.425,-86.77619999999999,0.00125,-86.77619999999999,0.10575,-86.77619999999999,-0.01875
-86.87559999999999,0.45625,-86.87559999999999,0.000625,-86.87559999999999,0.0745,-86.87559999999999,-0.0125
-86.975,0.51875,-86.975,0.001875,-86.975,0.10575,-86.975,-0.03125
-87.0744,0.51875,-87.0744,0.00125,-87.0744,0.0745,-87.0744,-0.025
-87.17379999999999,0.58125,-87.17379999999999,0.0009375,-87.17379999999999,0.0745,-87.17379999999999,-0.03125
-87.27319999999999,0.6125,-87.27319999999999,0.0009375,-87.27319999999999,0.0745,-87.27319999999999,-0.0375
-87.37259999999999,0.70625,-87.37259999999999,0.0009375,-87.37259999999999,0.10575,-87.37259999999999,-0.025
-87.472,0.675,-87.472,0.001875,-87.472,0.0745,-87.472,-0.025
-87.5714,0.70625,-87.5714,0.0009375,-87.5714,0.10575,-87.5714,-0.04375
-87.67079999999999,0.7375,-87.67079999999999,0.000625,-87.67079999999999,0.0745,-87.67079999999999,-0.0375
-87.77019999999999,0.76875,-87.77019999999999,0.000625,-87.77019999999999,0.0745,-87.77019999999999,-0.03125
-87.86959999999999,0.76875,-87.86959999999999,0.000625,-87.86959999999999,0.0745,-87.86959999999999,-0.0375
-87.969,0.83125,-87.969,-0.0009375,-87.969,0.0745,-87.969,-0.04375
-88.0684,0.8625,-88.0684,-0.0009375,-88.0684,0.04325,-88.0684,-0.025
-88.16779999999999,0.8625,-88.16779999999999,0.0,-88.16779999999999,0.0745,-88.16779999999999,-0.05
-88.26719999999999,0.8625,-88.26719999999999,-0.001875,-88.26719999999999,0.0745,-88.26719999999999,-0.0375
-88.36659999999999,0.89375,-88.36659999999999,-0.000625,-88.36659999999999,0.04325,-88.36659999999999,-0.04375
-88.466,0.89375,-88.466,-0.0009375,-88.466,0.04325,-88.466,-0.04375
-88.5654,0.89375,-88.5654,0.0009375,-88.5654,0.04325,-88.5654,-0.05
-88.66479999999999,0.925,-88.66479999999999,-0.000625,-88.66479999999999,0.0745,-88.66479999999999,-0.04375
-88.76419999999999,0.925,-88.76419999999999,0.000625,-88.76419999999999,0.0745,-88.76419999999999,-0.05625
-88.86359999999999,0.95625,-88.86359999999999,0.0,-88.86359999999999,0.04325,-88.86359999999999,-0.05
-88.963,0.95625,-88.963,-0.000625,-88.963,0.04325,-88.963,-0.05
-89.0624,0.925,-89.0624,0.0,-89.0624,0.04325,-89.0624,-0.04375
-89.1618,0.89375,-89.1618,-0.001875,-89.1618,0.04325,-89.1618,-0.04375
-89.26119999999999,0.925,-89.26119999999999,0.00125,-89.26119999999999,0.012,-89.26119999999999,-0.05625
-89.36059999999999,0.89375,-89.36059999999999,0.0,-89.36059999999999,0.04325,-89.36059999999999,-0.05
-89.46,0.89375,-89.46,-0.0003125,-89.46,0.012,-89.46,-0.05
-89.5594,0.8625,-89.5594,0.0009375,-89.5594,0.04325,-89.5594,-0.05
-89.6588,0.8625,-89.6588,-0.0003125,-89.6588,0.012,-89.6588,-0.05
-89.75819999999999,0.83125,-89.75819999999999,-0.000625,-89.75819999999999,0.04325,-89.75819999999999,-0.04375
-89.85759999999999,0.83125,-89.85759999999999,0.0003125,-89.85759999999999,0.04325,-89.85759999999999,-0.04375
-89.957,0.83125,-89.957,0.0015625,-89.957,0.012,-89.957,-0.05
-90.0564,0.8,-90.0564,-0.0021875,-90.0564,0.04325,-90.0564,-0.0375
-90.1558,0.7375,-90.1558,-0.0003125,-90.1558,0.04325,-90.1558,-0.05
-90.25519999999999,0.70625,-90.25519999999999,-0.001875,-90.25519999999999,0.0745,-90.25519999999999,-0.03125
-90.35459999999999,0.64375,-90.35459999999999,-0.0015625,-90.35459999999999,0.04325,-90.35459999999999,-0.03125
-90.454,0.64375,-90.454,-0.0015625,-90.454,0.012,-90.454,-0.025
-90.5534,0.58125,-90.5534,0.0,-90.5534,0.04325,-90.5534,-0.03125
-90.6528,0.58125,-90.6528,-0.0003125,-90.6528,0.04325,-90.6528,-0.03125
-90.75219999999999,0.51875,-90.75219999999999,-0.000625,-90.75219999999999,0.04325,-90.75219999999999,-0.01875
-90.85159999999999,0.4875,-90.85159999999999,0.001875,-90.85159999999999,0.04325,-90.85159999999999,-0.03125
-90.951,0.45625,-90.951,0.0009375,-90.951,0.0745,-90.951,-0.025
-91.0504,0.39375,-91.0504,0.0021875,-91.0504,0.0745,-91.0504,-0.025
-91.1498,0.39375,-91.1498,0.000625,-91.1498,0.0745,-91.1498,-0.0125
-91.24919999999999,0.3,-91.24919999999999,0.001875,-91.24919999999999,0.04325,-91.24919999999999,-0.01875
-91.34859999999999,0.3,-91.34859999999999,-0.0015625,-91.34859999999999,0.0745,-91.34859999999999,-0.0125
-91.448,0.2375,-91.448,0.0015625,-91.448,0.0745,-91.448,-0.00625
-91.5474,0.14375,-91.5474,0.0021875,-91.5474,0.0745,-91.5474,-0.0125
-91.6468,0.1125,-91.6468,0.0015625,-91.6468,0.0745,-91.6468,-0.00625
-91.74619999999999,0.08125,-91.74619999999999,0.00125,-91.74619999999999,0.0745,-91.74619999999999,0.0
-91.84559999999999,0.05,-91.84559999999999,-0.0003125,-91.84559999999999,0.0745,-91.84559999999999,0.0125
-91.945,0.01875,-91.945,0.0015625,-91.945,0.0745,-91.945,0.0
-92.0444,-0.075,-92.0444,0.0,-92.0444,0.10575,-92.0444,0.00625
-92.1438,-0.075,-92.1438,0.0,-92.1438,0.0745,-92.1438,0.0125
-92.24319999999999,-0.1375,-92.24319999999999,0.0003125,-92.24319999999999,0.10575,-92.24319999999999,0.00625
-92.34259999999999,-0.16875,-92.34259999999999,0.00125,-92.34259999999999,0.10575,-92.34259999999999,0.01875
-92.442,-0.23125,-92.442,0.0009375,-92.442,0.0745,-92.442,0.01875
-92.5414,-0.2625,-92.5414,0.0025,-92.5414,0.10575,-92.5414,0.01875
-92.6408,-0.325,-92.6408,0.0015625,-92.6408,0.10575,-92.6408,0.025
-92.74019999999999,-0.35625,-92.74019999999999,0.0015625,-92.74019999999999,0.10575,-92.74019999999999,0.0375
-92.83959999999999,-0.41875,-92.83959999999999,0.0025,-92.83959999999999,0.137,-92.83959999999999,0.01875
-92.939,-0.48125,-92.939,0.00125,-92.939,0.137,-92.939,0.0375
-93.0384,-0.5125,-93.0384,-0.0003125,-93.0384,0.137,-93.0384,0.03125
-93.1378,-0.5125,-93.1378,0.000625,-93.1378,0.137,-93.1378,0.03125
-93.23719999999999,-0.575,-93.23719999999999,0.001875,-93.23719999999999,0.137,-93.23719999999999,0.0375
-93.33659999999999,-0.60625,-93.33659999999999,0.00125,-93.33659999999999,0.10575,-93.33659999999999,0.04375
-93.43599999999999,-0.6375,-93.43599999999999,0.0021875,-93.43599999999999,0.137,-93.43599999999999,0.04375
-93.5354,-0.7,-93.5354,0.003125,-93.5354,0.10575,-93.5354,0.04375
-93.6348,-0.7,-93.6348,0.0015625,-93.6348,0.137,-93.6348,0.0375
-93.73419999999999,-0.7625,-93.73419999999999,0.0034375,-93.73419999999999,0.137,-93.73419999999999,0.0375
-93.83359999999999,-0.79375,-93.83359999999999,0.004375,-93.83359999999999,0.16825,-93.83359999999999,0.0375
-93.93299999999999,-0.825,-93.93299999999999,0.0025,-93.93299999999999,0.137,-93.93299999999999,0.0625
-94.0324,-0.8875,-94.0324,0.0046875,-94.0324,0.137,-94.0324,0.04375
-94.1318,-0.8875,-94.1318,0.0015625,-94.1318,0.16825,-94.1318,0.05625
-94.23119999999999,-0.8875,-94.23119999999999,0.003125,-94.23119999999999,0.16825,-94.23119999999999,0.05625
-94.33059999999999,-0.8875,-94.33059999999999,0.0034375,-94.33059999999999,0.137,-94.33059999999999,0.05625
-94.42999999999999,-0.91875,-94.42999999999999,0.00125,-94.42999999999999,0.16825,-94.42999999999999,0.0625
-94.5294,-0.95,-94.5294,0.005,-94.5294,0.16825,-94.5294,0.05625
-94.6288,-0.98125,-94.6288,0.0046875,-94.6288,0.137,-94.6288,0.04375
-94.72819999999999,-0.98125,-94.72819999999999,0.0040625,-94.72819999999999,0.137,-94.72819999999999,0.05
-94.82759999999999,-0.98125,-94.82759999999999,0.0034375,-94.82759999999999,0.137,-94.82759999999999,0.05
-94.92699999999999,-0.98125,-94.92699999999999,0.0015625,-94.92699999999999,0.137,-94.92699999999999,0.06875
-95.0264,-0.98125,-95.0264,0.0021875,-95.0264,0.137,-95.0264,0.06875
-95.1258,-0.95,-95.1258,0.003125,-95.1258,0.137,-95.1258,0.05625
-95.22519999999999,-0.98125,-95.22519999999999,0.0015625,-95.22519999999999,0.10575,-95.22519999999999,0.05625
-95.32459999999999,-0.98125,-95.32459999999999,0.00375,-95.32459999999999,0.137,-95.32459999999999,0.05625
-95.42399999999999,-0.91875,-95.42399999999999,0.0046875,-95.42399999999999,0.16825,-95.42399999999999,0.04375
-95.5234,-0.98125,-95.5234,0.0040625,-95.5234,0.137,-95.5234,0.05
-95.6228,-0.95,-95.6228,0.0034375,-95.6228,0.137,-95.6228,0.05625
-95.72219999999999,-0.8875,-95.72219999999999,0.0025,-95.72219999999999,0.10575,-95.72219999999999,0.05625
-95.82159999999999,-0.8875,-95.82159999999999,0.003125,-95.82159999999999,0.10575,-95.82159999999999,0.05
-95.92099999999999,-0.85625,-95.92099999999999,0.005,-95.92099999999999,0.10575,-95.92099999999999,0.04375
-96.0204,-0.85625,-96.0204,0.0046875,-96.0204,0.10575,-96.0204,0.05625
-96.1198,-0.825,-96.1198,0.005,-96.1198,0.10575,-96.1198,0.0375
-96.21919999999999,-0.79375,-96.21919999999999,0.003125,-96.21919999999999,0.10575,-96.21919999999999,0.04375
-96.31859999999999,-0.7625,-96.31859999999999,0.0034375,-96.31859999999999,0.10575,-96.31859999999999,0.05
-96.41799999999999,-0.7625,-96.41799999999999,0.0034375,-96.41799999999999,0.0745,-96.41799999999999,0.0375
-96.5174,-0.73125,-96.5174,0.00375,-96.5174,0.10575,-96.5174,0.0375
-96.6168,-0.6375,-96.6168,0.005,-96.6168,0.10575,-96.6168,0.03125
-96.71619999999999,-0.6375,-96.71619999999999,0.0034375,-96.71619999999999,0.10575,-96.71619999999999,0.04375
-96.81559999999999,-0.575,-96.81559999999999,0.0028125,-96.81559999999999,0.10575,-96.81559999999999,0.0375
-96.91499999999999,-0.54375,-96.91499999999999,0.0025,-96.91499999999999,0.10575,-96.91499999999999,0.03125
-97.0144,-0.5125,-97.0144,0.003125,-97.0144,0.0745,-97.0144,0.03125
-97.1138,-0.45,-97.1138,0.00375,-97.1138,0.10575,-97.1138,0.0375
-97.21319999999999,-0.41875,-97.21319999999999,0.004375,-97.21319999999999,0.10575,-97.21319999999999,0.025
-97.31259999999999,-0.3875,-97.31259999999999,0.0025,-97.31259999999999,0.0745,-97.31259999999999,0.025
-97.41199999999999,-0.35625,-97.41199999999999,0.003125,-97.41199999999999,0.0745,-97.41199999999999,0.0125
-97.5114,-0.325,-97.5114,0.0025,-97.5114,0.0745,-97.5114,0.01875
-97.6108,-0.23125,-97.6108,0.00125,-97.6108,0.0745,-97.6108,0.00625
-97.71019999999999,-0.16875,-97.71019999999999,0.0015625,-97.71019999999999,0.0745,-97.71019999999999,0.025
-97.80959999999999,-0.16875,-97.80959999999999,0.001875,-97.80959999999999,0.10575,-97.80959999999999,0.01875
-97.90899999999999,-0.16875,-97.90899999999999,0.001875,-97.90899999999999,0.0745,-97.90899999999999,0.01875
-98.0084,-0.075,-98.0084,0.0034375,-98.0084,0.10575,-98.0084,0.0125
-98.1078,-0.0125,-98.1078,-0.0003125,-98.1078,0.10575,-98.1078,0.0125
-98.20719999999999,0.05,-98.20719999999999,0.003125,-98.20719999999999,0.10575,-98.20719999999999,-0.00625
-98.30659999999999,0.08125,-98.30659999999999,0.00125,-98.30659999999999,0.0745,-98.30659999999999,-0.00625
-98.40599999999999,0.1125,-98.40599999999999,0.001875,-98.40599999999999,0.10575,-98.40599999999999,-0.0125
-98.5054,0.175,-98.5054,0.000625,-98.5054,0.0745,-98.5054,-0.00625
-98.6048,0.2375,-98.6048,0.0025,-98.6048,0.0745,-98.6048,-0.00625
-98.70419999999999,0.33125,-98.70419999999999,0.00125,-98.70419999999999,0.0745,-98.70419999999999,-0.00625
-98.80359999999999,0.3,-98.80359999999999,0.0015625,-98.80359999999999,0.0745,-98.80359999999999,-0.01875
-98.90299999999999,0.39375,-98.90299999999999,0.00125,-98.90299999999999,0.0745,-98.90299999999999,-0.0125
-99.0024,0.39375,-99.0024,0.0,-99.0024,0.10575,-99.0024,0.0
-99.1018,0.45625,-99.1018,0.0009375,-99.1018,0.0745,-99.1018,-0.0125
-99.20119999999999,0.4875,-99.20119999999999,0.001875,-99.20119999999999,0.10575,-99.20119999999999,-0.025
-99.30059999999999,0.51875,-99.30059999999999,0.0015625,-99.30059999999999,0.0745,-99.30059999999999,-0.025
