Channel 1 Time,Channel 1 Voltage,Channel 2 Time,Channel 2 Voltage,Channel 3 Time,Channel 3 Voltage
-0.0992,0.015375,-0.0992,-0.022125,-0.0992,0.125
-0.1984,-0.000249982,-0.1984,-0.022125,-0.1984,0.15625
-0.2976,0.031,-0.2976,-0.03775,-0.2976,0.15625
-0.3968,-0.015875,-0.3968,-0.053375,-0.3968,0.15625
-0.496,-0.015875,-0.496,-0.053375,-0.496,0.15625
-0.5952,-0.015875,-0.5952,-0.053375,-0.5952,0.15625
-0.6943999999999999,-0.015875,-0.6943999999999999,-0.053375,-0.6943999999999999,0.15625
-0.7936,-0.06275,-0.7936,-0.069,-0.7936,0.125
-0.8927999999999999,-0.06275,-0.8927999999999999,-0.03775,-0.8927999999999999,0.125
-0.9919999999999999,-0.094,-0.9919999999999999,-0.069,-0.9919999999999999,0.15625
-1.0912,-0.078375,-1.0912,-0.069,-1.0912,0.1875
-1.1904,-0.109625,-1.1904,-0.084625,-1.1904,0.15625
-1.2895999999999999,-0.12525,-1.2895999999999999,-0.10025,-1.2895999999999999,0.15625
-1.3887999999999998,-0.12525,-1.3887999999999998,-0.084625,-1.3887999999999998,0.15625
-1.488,-0.140875,-1.488,-0.115875,-1.488,0.15625
-1.5872,-0.1565,-1.5872,-0.10025,-1.5872,0.15625
-1.6864,-0.172125,-1.6864,-0.10025,-1.6864,0.15625
-1.7855999999999999,-0.172125,-1.7855999999999999,-0.115875,-1.7855999999999999,0.15625
-1.8847999999999998,-0.18775,-1.8847999999999998,-0.115875,-1.8847999999999998,0.15625
-1.984,-0.18775,-1.984,-0.1315,-1.984,0.125
-2.0832,-0.203375,-2.0832,-0.1315,-2.0832,0.15625
-2.1824,-0.219,-2.1824,-0.1315,-2.1824,0.15625
-2.2816,-0.203375,-2.2816,-0.1315,-2.2816,0.15625
-2.3808000000000002,-0.219,-2.3808000000000002,-0.147125,-2.3808000000000002,0.15625
-2.48,-0.234625,-2.48,-0.147125,-2.48,0.15625
-2.5792,-0.234625,-2.5792,-0.1315,-2.5792,0.1875
-2.6784,-0.265875,-2.6784,0.02475,-2.6784,0.15625
-2.7776,-0.234625,-2.7776,0.02475,-2.7776,0.15625
-2.8768000000000002,-0.219,-2.8768000000000002,0.02475,-2.8768000000000002,0.15625
-2.976,-0.25025,-2.976,0.040375,-2.976,0.1875
-3.0752,-0.265875,-3.0752,0.056,-3.0752,0.15625
-3.1744,-0.265875,-3.1744,0.056,-3.1744,0.1875
-3.2736,-0.25025,-3.2736,0.040375,-3.2736,0.15625
-3.3728000000000002,-0.265875,-3.3728000000000002,0.056,-3.3728000000000002,0.15625
-3.472,-0.265875,-3.472,0.056,-3.472,0.1875
-3.5712,-0.265875,-3.5712,0.071625,-3.5712,0.15625
-3.6704,-0.265875,-3.6704,0.071625,-3.6704,0.125
-3.7696,-0.265875,-3.7696,0.071625,-3.7696,0.15625
-3.8688000000000002,-0.265875,-3.8688000000000002,0.071625,-3.8688000000000002,0.15625
-3.968,-0.265875,-3.968,0.071625,-3.968,0.1875
-4.0672,-0.265875,-4.0672,0.071625,-4.0672,0.15625
-4.166399999999999,-0.265875,-4.166399999999999,0.071625,-4.166399999999999,0.125
-4.265599999999999,-0.2815,-4.265599999999999,0.08725,-4.265599999999999,0.1875
-4.3648,-0.265875,-4.3648,0.071625,-4.3648,0.15625
-4.4639999999999995,-0.234625,-4.4639999999999995,0.071625,-4.4639999999999995,0.15625
-4.563199999999999,-0.25025,-4.563199999999999,0.08725,-4.563199999999999,0.15625
-4.6624,-0.265875,-4.6624,0.08725,-4.6624,0.15625
-4.7616,-0.25025,-4.7616,0.08725,-4.7616,0.1875
-4.860799999999999,-0.219,-4.860799999999999,0.071625,-4.860799999999999,0.1875
-4.96,-0.234625,-4.96,0.08725,-4.96,0.15625
-5.0592,-0.25025,-5.0592,0.071625,-5.0592,0.15625
-5.158399999999999,-0.219,-5.158399999999999,0.071625,-5.158399999999999,0.21875
-5.257599999999999,-0.203375,-5.257599999999999,0.08725,-5.257599999999999,0.125
-5.3568,-0.219,-5.3568,0.08725,-5.3568,0.15625
-5.4559999999999995,-0.172125,-5.4559999999999995,0.08725,-5.4559999999999995,0.15625
-5.555199999999999,-0.18775,-5.555199999999999,0.08725,-5.555199999999999,0.1875
-5.6544,-0.18775,-5.6544,0.071625,-5.6544,0.1875
-5.7536,-0.172125,-5.7536,0.071625,-5.7536,0.15625
-5.852799999999999,-0.1565,-5.852799999999999,0.056,-5.852799999999999,0.15625
-5.952,-0.140875,-5.952,0.056,-5.952,0.15625
-6.0512,-0.12525,-6.0512,0.056,-6.0512,0.15625
-6.150399999999999,-0.109625,-6.150399999999999,0.071625,-6.150399999999999,0.15625
-6.249599999999999,-0.109625,-6.249599999999999,0.071625,-6.249599999999999,0.15625
-6.3488,-0.094,-6.3488,0.071625,-6.3488,0.1875
-6.4479999999999995,-0.109625,-6.4479999999999995,0.056,-6.4479999999999995,0.15625
-6.547199999999999,-0.047125,-6.547199999999999,0.056,-6.547199999999999,0.15625
-6.6464,-0.094,-6.6464,0.056,-6.6464,0.15625
-6.7456,-0.047125,-6.7456,0.040375,-6.7456,0.1875
-6.844799999999999,-0.047125,-6.844799999999999,0.040375,-6.844799999999999,0.1875
-6.943999999999999,-0.0315,-6.943999999999999,0.040375,-6.943999999999999,0.15625
-7.0432,-0.015875,-7.0432,0.02475,-7.0432,0.1875
-7.142399999999999,-0.015875,-7.142399999999999,0.02475,-7.142399999999999,0.1875
-7.241599999999999,-0.000249982,-7.241599999999999,0.02475,-7.241599999999999,0.15625
-7.3408,-0.000249982,-7.3408,0.009125,-7.3408,0.15625
-7.4399999999999995,0.046625,-7.4399999999999995,0.009125,-7.4399999999999995,0.1875
-7.539199999999999,0.046625,-7.539199999999999,-0.0065,-7.539199999999999,0.15625
-7.6384,0.06225,-7.6384,-0.0065,-7.6384,0.1875
-7.7376,0.077875,-7.7376,-0.0065,-7.7376,0.15625
-7.836799999999999,0.0935,-7.836799999999999,-0.03775,-7.836799999999999,0.15625
-7.935999999999999,0.077875,-7.935999999999999,-0.0065,-7.935999999999999,0.15625
-8.0352,0.0935,-8.0352,-0.03775,-8.0352,0.125
-8.1344,0.12475,-8.1344,-0.03775,-8.1344,0.125
-8.2336,0.12475,-8.2336,-0.053375,-8.2336,0.15625
-8.332799999999999,0.140375,-8.332799999999999,-0.053375,-8.332799999999999,0.125
-8.431999999999999,0.156,-8.431999999999999,-0.069,-8.431999999999999,0.15625
-8.5312,0.156,-8.5312,-0.084625,-8.5312,0.125
-8.6304,0.18725,-8.6304,-0.084625,-8.6304,0.15625
-8.7296,0.18725,-8.7296,-0.084625,-8.7296,0.125
-8.8288,0.18725,-8.8288,-0.084625,-8.8288,0.15625
-8.927999999999999,0.202875,-8.927999999999999,-0.115875,-8.927999999999999,0.15625
-9.027199999999999,0.202875,-9.027199999999999,-0.115875,-9.027199999999999,0.125
-9.1264,0.2185,-9.1264,-0.115875,-9.1264,0.15625
-9.2256,0.2185,-9.2256,-0.1315,-9.2256,0.125
-9.3248,0.234125,-9.3248,-0.1315,-9.3248,0.15625
-9.424,0.24975,-9.424,-0.147125,-9.424,0.125
-9.5232,0.24975,-9.5232,-0.147125,-9.5232,0.125
-9.622399999999999,0.265375,-9.622399999999999,-0.022125,-9.622399999999999,0.15625
-9.721599999999999,0.265375,-9.721599999999999,-0.022125,-9.721599999999999,0.15625
-9.8208,0.265375,-9.8208,-0.0065,-9.8208,0.125
-9.92,0.265375,-9.92,0.009125,-9.92,0.15625
-10.0192,0.281,-10.0192,0.009125,-10.0192,0.15625
-10.1184,0.296625,-10.1184,0.009125,-10.1184,0.125
-10.2176,0.281,-10.2176,0.02475,-10.2176,0.125
-10.316799999999999,0.281,-10.316799999999999,0.02475,-10.316799999999999,0.15625
-10.415999999999999,0.265375,-10.415999999999999,0.02475,-10.415999999999999,0.125
-10.5152,0.296625,-10.5152,0.02475,-10.5152,0.125
-10.6144,0.296625,-10.6144,0.02475,-10.6144,0.15625
-10.7136,0.296625,-10.7136,0.056,-10.7136,0.15625
-10.8128,0.296625,-10.8128,0.040375,-10.8128,0.125
-10.911999999999999,0.265375,-10.911999999999999,0.040375,-10.911999999999999,0.125
-11.011199999999999,0.296625,-11.011199999999999,0.040375,-11.011199999999999,0.125
-11.110399999999998,0.31225,-11.110399999999998,0.056,-11.110399999999998,0.15625
-11.2096,0.281,-11.2096,0.056,-11.2096,0.15625
-11.3088,0.31225,-11.3088,0.071625,-11.3088,0.15625
-11.408,0.265375,-11.408,0.056,-11.408,0.125
-11.5072,0.265375,-11.5072,0.056,-11.5072,0.125
-11.606399999999999,0.265375,-11.606399999999999,0.056,-11.606399999999999,0.125
-11.705599999999999,0.265375,-11.705599999999999,0.056,-11.705599999999999,0.125
-11.8048,0.265375,-11.8048,0.071625,-11.8048,0.125
-11.904,0.24975,-11.904,0.056,-11.904,0.125
-12.0032,0.2185,-12.0032,0.071625,-12.0032,0.125
-12.1024,0.24975,-12.1024,0.040375,-12.1024,0.125
-12.2016,0.234125,-12.2016,0.056,-12.2016,0.15625
-12.300799999999999,0.234125,-12.300799999999999,0.071625,-12.300799999999999,0.15625
-12.399999999999999,0.2185,-12.399999999999999,0.071625,-12.399999999999999,0.15625
-12.4992,0.2185,-12.4992,0.056,-12.4992,0.15625
-12.5984,0.2185,-12.5984,0.056,-12.5984,0.15625
-12.6976,0.202875,-12.6976,0.071625,-12.6976,0.125
-12.7968,0.171625,-12.7968,0.056,-12.7968,0.125
-12.895999999999999,0.18725,-12.895999999999999,0.056,-12.895999999999999,0.125
-12.995199999999999,0.156,-12.995199999999999,0.040375,-12.995199999999999,0.125
-13.094399999999998,0.156,-13.094399999999998,0.056,-13.094399999999998,0.125
-13.1936,0.156,-13.1936,0.02475,-13.1936,0.125
-13.2928,0.12475,-13.2928,0.040375,-13.2928,0.125
-13.392,0.0935,-13.392,0.040375,-13.392,0.15625
-13.4912,0.0935,-13.4912,0.02475,-13.4912,0.15625
-13.590399999999999,0.109125,-13.590399999999999,0.02475,-13.590399999999999,0.125
-13.689599999999999,0.077875,-13.689599999999999,0.009125,-13.689599999999999,0.125
-13.788799999999998,0.077875,-13.788799999999998,0.02475,-13.788799999999998,0.15625
-13.888,0.046625,-13.888,0.009125,-13.888,0.125
-13.9872,0.031,-13.9872,0.009125,-13.9872,0.1875
-14.0864,0.031,-14.0864,-0.0065,-14.0864,0.15625
-14.185599999999999,0.031,-14.185599999999999,-0.0065,-14.185599999999999,0.15625
-14.284799999999999,-0.000249982,-14.284799999999999,-0.022125,-14.284799999999999,0.15625
-14.383999999999999,-0.000249982,-14.383999999999999,-0.022125,-14.383999999999999,0.15625
-14.4832,-0.0315,-14.4832,-0.022125,-14.4832,0.1875
-14.5824,-0.0315,-14.5824,-0.022125,-14.5824,0.15625
-14.6816,-0.047125,-14.6816,-0.03775,-14.6816,0.15625
-14.7808,-0.047125,-14.7808,-0.03775,-14.7808,0.1875
-14.879999999999999,-0.047125,-14.879999999999999,-0.053375,-14.879999999999999,0.1875
-14.979199999999999,-0.078375,-14.979199999999999,-0.03775,-14.979199999999999,0.1875
-15.078399999999998,-0.109625,-15.078399999999998,-0.053375,-15.078399999999998,0.15625
-15.1776,-0.109625,-15.1776,-0.053375,-15.1776,0.15625
-15.2768,-0.109625,-15.2768,-0.084625,-15.2768,0.15625
-15.376,-0.140875,-15.376,-0.069,-15.376,0.1875
-15.4752,-0.140875,-15.4752,-0.10025,-15.4752,0.15625
-15.574399999999999,-0.1565,-15.574399999999999,-0.069,-15.574399999999999,0.15625
-15.673599999999999,-0.1565,-15.673599999999999,-0.084625,-15.673599999999999,0.1875
-15.772799999999998,-0.172125,-15.772799999999998,-0.10025,-15.772799999999998,0.15625
-15.872,-0.172125,-15.872,-0.10025,-15.872,0.15625
-15.9712,-0.172125,-15.9712,-0.10025,-15.9712,0.1875
-16.0704,-0.203375,-16.0704,-0.115875,-16.0704,0.15625
-16.1696,-0.203375,-16.1696,-0.10025,-16.1696,0.15625
-16.2688,-0.234625,-16.2688,-0.1315,-16.2688,0.15625
-16.368,-0.219,-16.368,-0.115875,-16.368,0.1875
-16.4672,-0.219,-16.4672,-0.1315,-16.4672,0.125
-16.566399999999998,-0.234625,-16.566399999999998,-0.1315,-16.566399999999998,0.15625
-16.665599999999998,-0.234625,-16.665599999999998,-0.0065,-16.665599999999998,0.1875
-16.764799999999997,-0.234625,-16.764799999999997,0.009125,-16.764799999999997,0.15625
-16.864,-0.265875,-16.864,0.009125,-16.864,0.15625
-16.9632,-0.25025,-16.9632,0.009125,-16.9632,0.15625
-17.0624,-0.25025,-17.0624,0.009125,-17.0624,0.15625
-17.1616,-0.25025,-17.1616,0.009125,-17.1616,0.1875
-17.2608,-0.265875,-17.2608,0.040375,-17.2608,0.15625
-17.36,-0.265875,-17.36,0.02475,-17.36,0.1875
-17.4592,-0.265875,-17.4592,0.040375,-17.4592,0.15625
-17.5584,-0.2815,-17.5584,0.040375,-17.5584,0.1875
-17.6576,-0.2815,-17.6576,0.040375,-17.6576,0.15625
-17.7568,-0.2815,-17.7568,0.040375,-17.7568,0.15625
-17.855999999999998,-0.2815,-17.855999999999998,0.040375,-17.855999999999998,0.1875
-17.955199999999998,-0.265875,-17.955199999999998,0.056,-17.955199999999998,0.1875
-18.054399999999998,-0.265875,-18.054399999999998,0.071625,-18.054399999999998,0.15625
-18.1536,-0.265875,-18.1536,0.071625,-18.1536,0.1875
-18.2528,-0.265875,-18.2528,0.071625,-18.2528,0.1875
-18.352,-0.25025,-18.352,0.071625,-18.352,0.15625
-18.4512,-0.25025,-18.4512,0.08725,-18.4512,0.15625
-18.5504,-0.25025,-18.5504,0.08725,-18.5504,0.15625
-18.6496,-0.25025,-18.6496,0.08725,-18.6496,0.15625
-18.7488,-0.25025,-18.7488,0.08725,-18.7488,0.1875
-18.848,-0.234625,-18.848,0.08725,-18.848,0.15625
-18.9472,-0.234625,-18.9472,0.071625,-18.9472,0.1875
-19.0464,-0.203375,-19.0464,0.071625,-19.0464,0.15625
-19.145599999999998,-0.219,-19.145599999999998,0.071625,-19.145599999999998,0.1875
-19.244799999999998,-0.203375,-19.244799999999998,0.08725,-19.244799999999998,0.1875
-19.343999999999998,-0.219,-19.343999999999998,0.056,-19.343999999999998,0.15625
-19.443199999999997,-0.18775,-19.443199999999997,0.071625,-19.443199999999997,0.15625
-19.5424,-0.18775,-19.5424,0.056,-19.5424,0.15625
-19.6416,-0.172125,-19.6416,0.071625,-19.6416,0.125
-19.7408,-0.1565,-19.7408,0.071625,-19.7408,0.1875
-19.84,-0.1565,-19.84,0.040375,-19.84,0.15625
-19.9392,-0.1565,-19.9392,0.040375,-19.9392,0.1875
-20.0384,-0.1565,-20.0384,0.056,-20.0384,0.15625
-20.1376,-0.094,-20.1376,0.040375,-20.1376,0.1875
-20.2368,-0.12525,-20.2368,0.056,-20.2368,0.15625
-20.336,-0.109625,-20.336,0.040375,-20.336,0.15625
-20.4352,-0.094,-20.4352,0.040375,-20.4352,0.15625
-20.534399999999998,-0.06275,-20.534399999999998,0.040375,-20.534399999999998,0.15625
-20.633599999999998,-0.06275,-20.633599999999998,0.02475,-20.633599999999998,0.15625
-20.732799999999997,-0.047125,-20.732799999999997,0.040375,-20.732799999999997,0.15625
-20.832,-0.0315,-20.832,0.009125,-20.832,0.125
-20.9312,-0.0315,-20.9312,0.009125,-20.9312,0.125
-21.0304,-0.015875,-21.0304,-0.0065,-21.0304,0.15625
-21.1296,0.031,-21.1296,0.009125,-21.1296,0.15625
-21.2288,-0.000249982,-21.2288,0.02475,-21.2288,0.15625
-21.328,0.015375,-21.328,-0.022125,-21.328,0.1875
-21.4272,0.015375,-21.4272,-0.0065,-21.4272,0.15625
-21.5264,0.031,-21.5264,-0.03775,-21.5264,0.1875
-21.6256,0.06225,-21.6256,-0.03775,-21.6256,0.125
-21.7248,0.077875,-21.7248,-0.03775,-21.7248,0.15625
-21.823999999999998,0.077875,-21.823999999999998,-0.053375,-21.823999999999998,0.125
-21.923199999999998,0.0935,-21.923199999999998,-0.053375,-21.923199999999998,0.125
-22.022399999999998,0.12475,-22.022399999999998,-0.069,-22.022399999999998,0.15625
-22.121599999999997,0.12475,-22.121599999999997,-0.084625,-22.121599999999997,0.15625
-22.2208,0.12475,-22.2208,-0.084625,-22.2208,0.15625
-22.32,0.156,-22.32,-0.084625,-22.32,0.1875
-22.4192,0.156,-22.4192,-0.10025,-22.4192,0.15625
-22.5184,0.18725,-22.5184,-0.10025,-22.5184,0.15625
-22.6176,0.171625,-22.6176,-0.10025,-22.6176,0.15625
-22.7168,0.18725,-22.7168,-0.115875,-22.7168,0.125
-22.816,0.18725,-22.816,-0.115875,-22.816,0.15625
-22.9152,0.2185,-22.9152,-0.1315,-22.9152,0.15625
-23.0144,0.2185,-23.0144,-0.1315,-23.0144,0.15625
-23.113599999999998,0.2185,-23.113599999999998,-0.147125,-23.113599999999998,0.125
-23.212799999999998,0.234125,-23.212799999999998,-0.147125,-23.212799999999998,0.125
-23.311999999999998,0.234125,-23.311999999999998,-0.16275,-23.311999999999998,0.15625
-23.411199999999997,0.24975,-23.411199999999997,-0.16275,-23.411199999999997,0.15625
-23.5104,0.24975,-23.5104,-0.178375,-23.5104,0.15625
-23.6096,0.24975,-23.6096,-0.178375,-23.6096,0.125
-23.7088,0.281,-23.7088,0.009125,-23.7088,0.15625
-23.808,0.281,-23.808,0.009125,-23.808,0.15625
-23.9072,0.265375,-23.9072,0.02475,-23.9072,0.15625
-24.0064,0.281,-24.0064,0.02475,-24.0064,0.15625
-24.1056,0.265375,-24.1056,0.02475,-24.1056,0.125
-24.2048,0.281,-24.2048,0.02475,-24.2048,0.15625
-24.304,0.265375,-24.304,0.040375,-24.304,0.125
-24.4032,0.31225,-24.4032,0.056,-24.4032,0.15625
-24.502399999999998,0.296625,-24.502399999999998,0.056,-24.502399999999998,0.125
-24.601599999999998,0.281,-24.601599999999998,0.056,-24.601599999999998,0.125
-24.700799999999997,0.296625,-24.700799999999997,0.071625,-24.700799999999997,0.15625
-24.799999999999997,0.281,-24.799999999999997,0.056,-24.799999999999997,0.15625
-24.8992,0.296625,-24.8992,0.056,-24.8992,0.125
-24.9984,0.281,-24.9984,0.071625,-24.9984,0.125
-25.0976,0.281,-25.0976,0.071625,-25.0976,0.09375
-25.1968,0.265375,-25.1968,0.056,-25.1968,0.15625
-25.296,0.296625,-25.296,0.071625,-25.296,0.125
-25.3952,0.296625,-25.3952,0.071625,-25.3952,0.15625
-25.4944,0.265375,-25.4944,0.071625,-25.4944,0.125
-25.5936,0.281,-25.5936,0.071625,-25.5936,0.125
-25.6928,0.265375,-25.6928,0.071625,-25.6928,0.125
-25.791999999999998,0.265375,-25.791999999999998,0.056,-25.791999999999998,0.125
-25.891199999999998,0.281,-25.891199999999998,0.056,-25.891199999999998,0.125
-25.990399999999998,0.24975,-25.990399999999998,0.071625,-25.990399999999998,0.15625
-26.089599999999997,0.234125,-26.089599999999997,0.040375,-26.089599999999997,0.125
-26.1888,0.234125,-26.1888,0.056,-26.1888,0.125
-26.288,0.2185,-26.288,0.040375,-26.288,0.15625
-26.3872,0.234125,-26.3872,0.040375,-26.3872,0.15625
-26.4864,0.202875,-26.4864,0.056,-26.4864,0.15625
-26.5856,0.18725,-26.5856,0.02475,-26.5856,0.15625
-26.6848,0.202875,-26.6848,0.040375,-26.6848,0.125
-26.784,0.202875,-26.784,0.040375,-26.784,0.15625
-26.8832,0.156,-26.8832,0.02475,-26.8832,0.125
-26.9824,0.156,-26.9824,0.02475,-26.9824,0.125
-27.081599999999998,0.140375,-27.081599999999998,0.040375,-27.081599999999998,0.15625
-27.180799999999998,0.140375,-27.180799999999998,0.009125,-27.180799999999998,0.15625
-27.279999999999998,0.12475,-27.279999999999998,0.02475,-27.279999999999998,0.15625
-27.379199999999997,0.12475,-27.379199999999997,0.009125,-27.379199999999997,0.125
-27.478399999999997,0.0935,-27.478399999999997,0.009125,-27.478399999999997,0.15625
-27.5776,0.0935,-27.5776,0.009125,-27.5776,0.15625
-27.6768,0.077875,-27.6768,-0.022125,-27.6768,0.125
-27.776,0.0935,-27.776,-0.0065,-27.776,0.15625
-27.8752,0.06225,-27.8752,0.009125,-27.8752,0.125
-27.9744,0.046625,-27.9744,-0.0065,-27.9744,0.15625
-28.0736,0.046625,-28.0736,-0.022125,-28.0736,0.15625
-28.1728,0.031,-28.1728,-0.03775,-28.1728,0.1875
-28.272,-0.000249982,-28.272,-0.022125,-28.272,0.125
-28.371199999999998,-0.015875,-28.371199999999998,-0.022125,-28.371199999999998,0.15625
-28.470399999999998,-0.015875,-28.470399999999998,-0.022125,-28.470399999999998,0.125
-28.569599999999998,-0.0315,-28.569599999999998,-0.03775,-28.569599999999998,0.15625
-28.668799999999997,-0.047125,-28.668799999999997,-0.03775,-28.668799999999997,0.15625
-28.767999999999997,-0.0315,-28.767999999999997,-0.03775,-28.767999999999997,0.15625
-28.8672,-0.06275,-28.8672,-0.053375,-28.8672,0.15625
-28.9664,-0.078375,-28.9664,-0.069,-28.9664,0.15625
-29.0656,-0.109625,-29.0656,-0.053375,-29.0656,0.15625
-29.1648,-0.094,-29.1648,-0.069,-29.1648,0.15625
-29.264,-0.109625,-29.264,-0.069,-29.264,0.1875
-29.3632,-0.12525,-29.3632,-0.084625,-29.3632,0.15625
-29.4624,-0.12525,-29.4624,-0.084625,-29.4624,0.1875
-29.5616,-0.12525,-29.5616,-0.10025,-29.5616,0.15625
-29.6608,-0.172125,-29.6608,-0.084625,-29.6608,0.15625
-29.759999999999998,-0.1565,-29.759999999999998,-0.10025,-29.759999999999998,0.15625
-29.859199999999998,-0.18775,-29.859199999999998,-0.10025,-29.859199999999998,0.15625
-29.958399999999997,-0.18775,-29.958399999999997,-0.10025,-29.958399999999997,0.125
-30.057599999999997,-0.203375,-30.057599999999997,-0.115875,-30.057599999999997,0.15625
-30.156799999999997,-0.203375,-30.156799999999997,-0.10025,-30.156799999999997,0.1875
-30.256,-0.203375,-30.256,-0.115875,-30.256,0.125
-30.3552,-0.219,-30.3552,-0.115875,-30.3552,0.15625
-30.4544,-0.219,-30.4544,-0.1315,-30.4544,0.1875
-30.5536,-0.234625,-30.5536,-0.1315,-30.5536,0.1875
-30.6528,-0.219,-30.6528,0.009125,-30.6528,0.1875
-30.752,-0.234625,-30.752,0.009125,-30.752,0.1875
-30.8512,-0.265875,-30.8512,0.009125,-30.8512,0.1875
-30.9504,-0.265875,-30.9504,0.02475,-30.9504,0.15625
-31.049599999999998,-0.25025,-31.049599999999998,0.02475,-31.049599999999998,0.15625
-31.148799999999998,-0.25025,-31.148799999999998,0.040375,-31.148799999999998,0.15625
-31.247999999999998,-0.25025,-31.247999999999998,0.040375,-31.247999999999998,0.15625
-31.347199999999997,-0.2815,-31.347199999999997,0.056,-31.347199999999997,0.15625
-31.446399999999997,-0.2815,-31.446399999999997,0.056,-31.446399999999997,0.1875
-31.5456,-0.2815,-31.5456,0.056,-31.5456,0.15625
-31.6448,-0.2815,-31.6448,0.071625,-31.6448,0.15625
-31.744,-0.2815,-31.744,0.071625,-31.744,0.1875
-31.8432,-0.265875,-31.8432,0.071625,-31.8432,0.15625
-31.9424,-0.265875,-31.9424,0.071625,-31.9424,0.125
-32.0416,-0.2815,-32.0416,0.071625,-32.0416,0.15625
-32.1408,-0.265875,-32.1408,0.071625,-32.1408,0.1875
-32.24,-0.25025,-32.24,0.071625,-32.24,0.15625
-32.339200000000005,-0.265875,-32.339200000000005,0.08725,-32.339200000000005,0.15625
-32.4384,-0.265875,-32.4384,0.071625,-32.4384,0.1875
-32.537600000000005,-0.234625,-32.537600000000005,0.071625,-32.537600000000005,0.15625
-32.6368,-0.25025,-32.6368,0.071625,-32.6368,0.125
-32.736000000000004,-0.25025,-32.736000000000004,0.08725,-32.736000000000004,0.15625
-32.8352,-0.234625,-32.8352,0.08725,-32.8352,0.15625
-32.934400000000004,-0.25025,-32.934400000000004,0.071625,-32.934400000000004,0.1875
-33.0336,-0.234625,-33.0336,0.056,-33.0336,0.125
-33.1328,-0.234625,-33.1328,0.071625,-33.1328,0.1875
-33.232,-0.219,-33.232,0.071625,-33.232,0.125
-33.3312,-0.203375,-33.3312,0.071625,-33.3312,0.15625
-33.4304,-0.18775,-33.4304,0.08725,-33.4304,0.15625
-33.5296,-0.18775,-33.5296,0.08725,-33.5296,0.15625
-33.628800000000005,-0.203375,-33.628800000000005,0.071625,-33.628800000000005,0.125
-33.728,-0.172125,-33.728,0.08725,-33.728,0.15625
-33.827200000000005,-0.1565,-33.827200000000005,0.071625,-33.827200000000005,0.15625
-33.9264,-0.140875,-33.9264,0.056,-33.9264,0.15625
-34.025600000000004,-0.140875,-34.025600000000004,0.056,-34.025600000000004,0.15625
-34.1248,-0.12525,-34.1248,0.056,-34.1248,0.15625
-34.224000000000004,-0.109625,-34.224000000000004,0.071625,-34.224000000000004,0.15625
-34.3232,-0.094,-34.3232,0.056,-34.3232,0.1875
-34.4224,-0.094,-34.4224,0.071625,-34.4224,0.15625
-34.5216,-0.094,-34.5216,0.040375,-34.5216,0.1875
-34.6208,-0.06275,-34.6208,0.040375,-34.6208,0.125
-34.72,-0.047125,-34.72,0.040375,-34.72,0.15625
-34.8192,-0.0315,-34.8192,0.040375,-34.8192,0.15625
-34.918400000000005,-0.0315,-34.918400000000005,0.02475,-34.918400000000005,0.15625
-35.0176,-0.0315,-35.0176,0.02475,-35.0176,0.125
-35.116800000000005,0.015375,-35.116800000000005,0.009125,-35.116800000000005,0.15625
-35.216,0.015375,-35.216,-0.0065,-35.216,0.15625
-35.315200000000004,0.015375,-35.315200000000004,-0.022125,-35.315200000000004,0.15625
-35.4144,-0.000249982,-35.4144,-0.022125,-35.4144,0.1875
-35.513600000000004,0.031,-35.513600000000004,-0.022125,-35.513600000000004,0.15625
-35.6128,0.046625,-35.6128,-0.022125,-35.6128,0.15625
-35.712,0.06225,-35.712,-0.022125,-35.712,0.15625
-35.8112,0.077875,-35.8112,-0.03775,-35.8112,0.15625
-35.9104,0.077875,-35.9104,-0.053375,-35.9104,0.15625
-36.0096,0.0935,-36.0096,-0.053375,-36.0096,0.1875
-36.1088,0.0935,-36.1088,-0.053375,-36.1088,0.15625
-36.208000000000006,0.140375,-36.208000000000006,-0.069,-36.208000000000006,0.1875
-36.3072,0.140375,-36.3072,-0.069,-36.3072,0.125
-36.406400000000005,0.140375,-36.406400000000005,-0.084625,-36.406400000000005,0.15625
-36.5056,0.156,-36.5056,-0.069,-36.5056,0.125
-36.604800000000004,0.156,-36.604800000000004,-0.084625,-36.604800000000004,0.125
-36.704,0.18725,-36.704,-0.10025,-36.704,0.15625
-36.803200000000004,0.18725,-36.803200000000004,-0.115875,-36.803200000000004,0.15625
-36.9024,0.2185,-36.9024,-0.1315,-36.9024,0.1875
-37.0016,0.2185,-37.0016,-0.115875,-37.0016,0.15625
-37.1008,0.234125,-37.1008,-0.115875,-37.1008,0.15625
-37.2,0.2185,-37.2,-0.1315,-37.2,0.125
-37.2992,0.24975,-37.2992,-0.1315,-37.2992,0.125
-37.3984,0.234125,-37.3984,-0.147125,-37.3984,0.15625
-37.4976,0.24975,-37.4976,-0.147125,-37.4976,0.15625
-37.5968,0.24975,-37.5968,-0.16275,-37.5968,0.125
-37.696000000000005,0.281,-37.696000000000005,0.009125,-37.696000000000005,0.15625
-37.7952,0.265375,-37.7952,0.009125,-37.7952,0.15625
-37.894400000000005,0.281,-37.894400000000005,-0.0065,-37.894400000000005,0.15625
-37.9936,0.265375,-37.9936,-0.0065,-37.9936,0.125
-38.092800000000004,0.265375,-38.092800000000004,0.02475,-38.092800000000004,0.15625
-38.192,0.281,-38.192,0.02475,-38.192,0.125
-38.2912,0.296625,-38.2912,0.02475,-38.2912,0.15625
-38.3904,0.296625,-38.3904,0.02475,-38.3904,0.125
-38.4896,0.296625,-38.4896,0.040375,-38.4896,0.15625
-38.5888,0.281,-38.5888,0.040375,-38.5888,0.125
-38.688,0.281,-38.688,0.040375,-38.688,0.125
-38.7872,0.296625,-38.7872,0.02475,-38.7872,0.125
-38.8864,0.31225,-38.8864,0.056,-38.8864,0.15625
-38.985600000000005,0.281,-38.985600000000005,0.056,-38.985600000000005,0.125
-39.0848,0.281,-39.0848,0.040375,-39.0848,0.15625
-39.184000000000005,0.296625,-39.184000000000005,0.040375,-39.184000000000005,0.125
-39.2832,0.265375,-39.2832,0.056,-39.2832,0.125
-39.382400000000004,0.281,-39.382400000000004,0.056,-39.382400000000004,0.125
-39.4816,0.281,-39.4816,0.056,-39.4816,0.125
-39.5808,0.24975,-39.5808,0.056,-39.5808,0.15625
-39.68,0.281,-39.68,0.056,-39.68,0.125
-39.7792,0.265375,-39.7792,0.040375,-39.7792,0.125
-39.8784,0.24975,-39.8784,0.056,-39.8784,0.15625
-39.9776,0.24975,-39.9776,0.040375,-39.9776,0.15625
-40.0768,0.234125,-40.0768,0.040375,-40.0768,0.15625
-40.176,0.234125,-40.176,0.040375,-40.176,0.125
-40.275200000000005,0.234125,-40.275200000000005,0.040375,-40.275200000000005,0.15625
-40.3744,0.2185,-40.3744,0.040375,-40.3744,0.125
-40.473600000000005,0.202875,-40.473600000000005,0.040375,-40.473600000000005,0.15625
-40.5728,0.202875,-40.5728,0.040375,-40.5728,0.125
-40.672000000000004,0.171625,-40.672000000000004,0.02475,-40.672000000000004,0.15625
-40.7712,0.18725,-40.7712,0.040375,-40.7712,0.15625
-40.870400000000004,0.18725,-40.870400000000004,0.02475,-40.870400000000004,0.125
-40.9696,0.156,-40.9696,0.02475,-40.9696,0.125
-41.0688,0.156,-41.0688,0.02475,-41.0688,0.125
-41.168,0.140375,-41.168,0.02475,-41.168,0.15625
-41.2672,0.140375,-41.2672,0.02475,-41.2672,0.125
-41.3664,0.109125,-41.3664,0.02475,-41.3664,0.125
-41.4656,0.12475,-41.4656,0.009125,-41.4656,0.125
-41.564800000000005,0.109125,-41.564800000000005,-0.0065,-41.564800000000005,0.15625
-41.664,0.077875,-41.664,0.009125,-41.664,0.15625
-41.763200000000005,0.06225,-41.763200000000005,-0.0065,-41.763200000000005,0.125
-41.8624,0.031,-41.8624,0.009125,-41.8624,0.15625
-41.961600000000004,0.06225,-41.961600000000004,-0.022125,-41.961600000000004,0.1875
-42.0608,0.06225,-42.0608,-0.0065,-42.0608,0.15625
-42.160000000000004,0.031,-42.160000000000004,-0.022125,-42.160000000000004,0.15625
-42.2592,-0.000249982,-42.2592,-0.022125,-42.2592,0.15625
-42.3584,-0.015875,-42.3584,-0.03775,-42.3584,0.15625
-42.4576,-0.000249982,-42.4576,-0.053375,-42.4576,0.15625
-42.5568,-0.015875,-42.5568,-0.03775,-42.5568,0.125
-42.656,-0.0315,-42.656,-0.053375,-42.656,0.15625
-42.7552,-0.078375,-42.7552,-0.053375,-42.7552,0.15625
-42.8544,-0.06275,-42.8544,-0.069,-42.8544,0.15625
-42.9536,-0.06275,-42.9536,-0.069,-42.9536,0.15625
-43.052800000000005,-0.094,-43.052800000000005,-0.069,-43.052800000000005,0.1875
-43.152,-0.094,-43.152,-0.084625,-43.152,0.15625
-43.251200000000004,-0.109625,-43.251200000000004,-0.10025,-43.251200000000004,0.15625
-43.3504,-0.109625,-43.3504,-0.10025,-43.3504,0.15625
-43.449600000000004,-0.140875,-43.449600000000004,-0.10025,-43.449600000000004,0.15625
-43.5488,-0.12525,-43.5488,-0.115875,-43.5488,0.15625
-43.648,-0.172125,-43.648,-0.115875,-43.648,0.15625
-43.7472,-0.1565,-43.7472,-0.115875,-43.7472,0.125
-43.8464,-0.172125,-43.8464,-0.115875,-43.8464,0.1875
-43.9456,-0.172125,-43.9456,-0.115875,-43.9456,0.15625
-44.0448,-0.203375,-44.0448,-0.115875,-44.0448,0.15625
-44.144,-0.219,-44.144,-0.147125,-44.144,0.15625
-44.2432,-0.219,-44.2432,-0.147125,-44.2432,0.15625
-44.342400000000005,-0.203375,-44.342400000000005,-0.147125,-44.342400000000005,0.15625
-44.4416,-0.219,-44.4416,-0.147125,-44.4416,0.15625
-44.540800000000004,-0.234625,-44.540800000000004,-0.178375,-44.540800000000004,0.15625
-44.64,-0.234625,-44.64,0.02475,-44.64,0.125
-44.739200000000004,-0.219,-44.739200000000004,0.02475,-44.739200000000004,0.15625
-44.8384,-0.25025,-44.8384,0.056,-44.8384,0.15625
-44.9376,-0.25025,-44.9376,0.071625,-44.9376,0.1875
-45.0368,-0.2815,-45.0368,0.056,-45.0368,0.15625
-45.136,-0.25025,-45.136,0.071625,-45.136,0.15625
-45.2352,-0.265875,-45.2352,0.071625,-45.2352,0.15625
-45.3344,-0.265875,-45.3344,0.071625,-45.3344,0.15625
-45.4336,-0.2815,-45.4336,0.071625,-45.4336,0.15625
-45.5328,-0.25025,-45.5328,0.071625,-45.5328,0.15625
-45.632000000000005,-0.2815,-45.632000000000005,0.08725,-45.632000000000005,0.1875
-45.7312,-0.265875,-45.7312,0.102875,-45.7312,0.15625
-45.830400000000004,-0.265875,-45.830400000000004,0.102875,-45.830400000000004,0.15625
-45.9296,-0.265875,-45.9296,0.1185,-45.9296,0.1875
-46.028800000000004,-0.265875,-46.028800000000004,0.102875,-46.028800000000004,0.15625
-46.128,-0.265875,-46.128,0.08725,-46.128,0.15625
-46.2272,-0.265875,-46.2272,0.08725,-46.2272,0.125
-46.3264,-0.265875,-46.3264,0.102875,-46.3264,0.15625
-46.4256,-0.265875,-46.4256,0.1185,-46.4256,0.15625
-46.5248,-0.265875,-46.5248,0.1185,-46.5248,0.15625
-46.624,-0.265875,-46.624,0.102875,-46.624,0.15625
-46.7232,-0.25025,-46.7232,0.1185,-46.7232,0.15625
-46.8224,-0.25025,-46.8224,0.102875,-46.8224,0.15625
-46.921600000000005,-0.234625,-46.921600000000005,0.1185,-46.921600000000005,0.1875
-47.0208,-0.219,-47.0208,0.1185,-47.0208,0.1875
-47.120000000000005,-0.219,-47.120000000000005,0.102875,-47.120000000000005,0.1875
-47.2192,-0.203375,-47.2192,0.102875,-47.2192,0.1875
-47.318400000000004,-0.219,-47.318400000000004,0.08725,-47.318400000000004,0.1875
-47.4176,-0.18775,-47.4176,0.102875,-47.4176,0.1875
-47.5168,-0.172125,-47.5168,0.08725,-47.5168,0.15625
-47.616,-0.172125,-47.616,0.102875,-47.616,0.1875
-47.7152,-0.172125,-47.7152,0.08725,-47.7152,0.15625
-47.8144,-0.172125,-47.8144,0.071625,-47.8144,0.15625
-47.9136,-0.172125,-47.9136,0.08725,-47.9136,0.1875
-48.0128,-0.140875,-48.0128,0.071625,-48.0128,0.125
-48.112,-0.109625,-48.112,0.071625,-48.112,0.125
-48.2112,-0.109625,-48.2112,0.071625,-48.2112,0.15625
-48.3104,-0.109625,-48.3104,0.056,-48.3104,0.15625
-48.409600000000005,-0.078375,-48.409600000000005,0.056,-48.409600000000005,0.15625
-48.5088,-0.094,-48.5088,0.040375,-48.5088,0.125
-48.608000000000004,-0.06275,-48.608000000000004,0.040375,-48.608000000000004,0.15625
-48.7072,-0.047125,-48.7072,0.056,-48.7072,0.15625
-48.806400000000004,-0.047125,-48.806400000000004,0.040375,-48.806400000000004,0.15625
-48.9056,-0.047125,-48.9056,0.009125,-48.9056,0.125
-49.0048,-0.015875,-49.0048,0.02475,-49.0048,0.125
-49.104,0.015375,-49.104,0.02475,-49.104,0.15625
-49.2032,0.015375,-49.2032,0.009125,-49.2032,0.15625
-49.3024,-0.000249982,-49.3024,-0.0065,-49.3024,0.125
-49.4016,0.046625,-49.4016,-0.0065,-49.4016,0.125
-49.5008,0.031,-49.5008,-0.022125,-49.5008,0.125
-49.6,0.046625,-49.6,-0.0065,-49.6,0.15625
-49.699200000000005,0.077875,-49.699200000000005,-0.022125,-49.699200000000005,0.15625
-49.7984,0.077875,-49.7984,-0.022125,-49.7984,0.15625
-49.897600000000004,0.077875,-49.897600000000004,-0.03775,-49.897600000000004,0.15625
-49.9968,0.0935,-49.9968,-0.03775,-49.9968,0.15625
-50.096000000000004,0.109125,-50.096000000000004,-0.053375,-50.096000000000004,0.125
-50.1952,0.109125,-50.1952,-0.03775,-50.1952,0.15625
-50.2944,0.140375,-50.2944,-0.069,-50.2944,0.125
-50.3936,0.140375,-50.3936,-0.069,-50.3936,0.125
-50.4928,0.156,-50.4928,-0.084625,-50.4928,0.15625
-50.592,0.156,-50.592,-0.084625,-50.592,0.125
-50.6912,0.171625,-50.6912,-0.10025,-50.6912,0.125
-50.7904,0.171625,-50.7904,-0.10025,-50.7904,0.15625
-50.8896,0.18725,-50.8896,-0.115875,-50.8896,0.125
-50.988800000000005,0.202875,-50.988800000000005,-0.115875,-50.988800000000005,0.15625
-51.088,0.2185,-51.088,-0.1315,-51.088,0.15625
-51.187200000000004,0.2185,-51.187200000000004,-0.115875,-51.187200000000004,0.125
-51.2864,0.234125,-51.2864,-0.1315,-51.2864,0.125
-51.385600000000004,0.234125,-51.385600000000004,-0.147125,-51.385600000000004,0.15625
-51.4848,0.234125,-51.4848,-0.16275,-51.4848,0.125
-51.584,0.265375,-51.584,-0.147125,-51.584,0.125
-51.6832,0.265375,-51.6832,0.009125,-51.6832,0.15625
-51.7824,0.265375,-51.7824,-0.022125,-51.7824,0.15625
-51.8816,0.296625,-51.8816,-0.0065,-51.8816,0.15625
-51.9808,0.265375,-51.9808,0.009125,-51.9808,0.125
-52.08,0.31225,-52.08,0.009125,-52.08,0.15625
-52.1792,0.265375,-52.1792,0.02475,-52.1792,0.125
-52.278400000000005,0.296625,-52.278400000000005,0.02475,-52.278400000000005,0.15625
-52.3776,0.281,-52.3776,0.02475,-52.3776,0.15625
-52.476800000000004,0.296625,-52.476800000000004,0.02475,-52.476800000000004,0.125
-52.576,0.281,-52.576,0.040375,-52.576,0.125
-52.675200000000004,0.281,-52.675200000000004,0.040375,-52.675200000000004,0.125
-52.7744,0.281,-52.7744,0.040375,-52.7744,0.125
-52.8736,0.281,-52.8736,0.02475,-52.8736,0.125
-52.9728,0.296625,-52.9728,0.056,-52.9728,0.15625
-53.072,0.296625,-53.072,0.056,-53.072,0.15625
-53.1712,0.296625,-53.1712,0.056,-53.1712,0.15625
-53.2704,0.281,-53.2704,0.056,-53.2704,0.15625
-53.3696,0.265375,-53.3696,0.056,-53.3696,0.15625
-53.4688,0.296625,-53.4688,0.056,-53.4688,0.15625
-53.568000000000005,0.281,-53.568000000000005,0.071625,-53.568000000000005,0.125
-53.6672,0.265375,-53.6672,0.056,-53.6672,0.125
-53.766400000000004,0.265375,-53.766400000000004,0.056,-53.766400000000004,0.125
-53.8656,0.24975,-53.8656,0.071625,-53.8656,0.15625
-53.964800000000004,0.24975,-53.964800000000004,0.071625,-53.964800000000004,0.15625
-54.064,0.24975,-54.064,0.056,-54.064,0.15625
-54.1632,0.234125,-54.1632,0.056,-54.1632,0.1875
-54.2624,0.2185,-54.2624,0.056,-54.2624,0.15625
-54.3616,0.234125,-54.3616,0.071625,-54.3616,0.125
-54.4608,0.202875,-54.4608,0.071625,-54.4608,0.125
-54.56,0.202875,-54.56,0.056,-54.56,0.125
-54.6592,0.18725,-54.6592,0.056,-54.6592,0.125
-54.7584,0.202875,-54.7584,0.056,-54.7584,0.125
-54.8576,0.171625,-54.8576,0.056,-54.8576,0.125
-54.9568,0.171625,-54.9568,0.056,-54.9568,0.125
-55.056000000000004,0.156,-55.056000000000004,0.056,-55.056000000000004,0.15625
-55.1552,0.140375,-55.1552,0.040375,-55.1552,0.125
-55.254400000000004,0.140375,-55.254400000000004,0.040375,-55.254400000000004,0.15625
-55.3536,0.12475,-55.3536,0.040375,-55.3536,0.15625
-55.4528,0.12475,-55.4528,0.040375,-55.4528,0.125
-55.552,0.0935,-55.552,0.02475,-55.552,0.125
-55.6512,0.077875,-55.6512,0.009125,-55.6512,0.15625
-55.7504,0.06225,-55.7504,0.02475,-55.7504,0.125
-55.8496,0.06225,-55.8496,-0.0065,-55.8496,0.15625
-55.9488,0.046625,-55.9488,0.009125,-55.9488,0.15625
-56.048,0.031,-56.048,-0.0065,-56.048,0.15625
-56.1472,0.015375,-56.1472,-0.0065,-56.1472,0.125
-56.2464,-0.000249982,-56.2464,-0.022125,-56.2464,0.125
-56.345600000000005,0.015375,-56.345600000000005,-0.022125,-56.345600000000005,0.15625
-56.4448,-0.0315,-56.4448,-0.022125,-56.4448,0.125
-56.544000000000004,-0.015875,-56.544000000000004,-0.03775,-56.544000000000004,0.125
-56.6432,-0.0315,-56.6432,-0.03775,-56.6432,0.15625
-56.7424,-0.047125,-56.7424,-0.053375,-56.7424,0.1875
-56.8416,-0.047125,-56.8416,-0.053375,-56.8416,0.15625
-56.9408,-0.06275,-56.9408,-0.053375,-56.9408,0.15625
-57.04,-0.078375,-57.04,-0.053375,-57.04,0.15625
-57.1392,-0.094,-57.1392,-0.053375,-57.1392,0.15625
-57.2384,-0.109625,-57.2384,-0.069,-57.2384,0.15625
-57.3376,-0.094,-57.3376,-0.069,-57.3376,0.15625
-57.4368,-0.12525,-57.4368,-0.084625,-57.4368,0.125
-57.536,-0.140875,-57.536,-0.084625,-57.536,0.15625
-57.635200000000005,-0.140875,-57.635200000000005,-0.10025,-57.635200000000005,0.125
-57.7344,-0.172125,-57.7344,-0.10025,-57.7344,0.15625
-57.833600000000004,-0.172125,-57.833600000000004,-0.10025,-57.833600000000004,0.15625
-57.9328,-0.18775,-57.9328,-0.10025,-57.9328,0.15625
-58.032000000000004,-0.203375,-58.032000000000004,-0.10025,-58.032000000000004,0.15625
-58.1312,-0.18775,-58.1312,-0.115875,-58.1312,0.1875
-58.2304,-0.203375,-58.2304,-0.1315,-58.2304,0.15625
-58.3296,-0.203375,-58.3296,-0.115875,-58.3296,0.15625
-58.4288,-0.219,-58.4288,-0.147125,-58.4288,0.15625
-58.528,-0.219,-58.528,-0.147125,-58.528,0.15625
-58.6272,-0.25025,-58.6272,-0.1315,-58.6272,0.15625
-58.7264,-0.25025,-58.7264,-0.0065,-58.7264,0.15625
-58.8256,-0.234625,-58.8256,0.009125,-58.8256,0.1875
-58.924800000000005,-0.25025,-58.924800000000005,0.02475,-58.924800000000005,0.1875
-59.024,-0.234625,-59.024,0.009125,-59.024,0.15625
-59.123200000000004,-0.25025,-59.123200000000004,0.02475,-59.123200000000004,0.1875
-59.2224,-0.2815,-59.2224,0.02475,-59.2224,0.15625
-59.321600000000004,-0.265875,-59.321600000000004,0.040375,-59.321600000000004,0.15625
-59.4208,-0.265875,-59.4208,0.040375,-59.4208,0.1875
-59.52,-0.2815,-59.52,0.040375,-59.52,0.1875
-59.6192,-0.265875,-59.6192,0.056,-59.6192,0.1875
-59.7184,-0.265875,-59.7184,0.056,-59.7184,0.15625
-59.8176,-0.265875,-59.8176,0.071625,-59.8176,0.15625
-59.9168,-0.2815,-59.9168,0.071625,-59.9168,0.15625
-60.016,-0.265875,-60.016,0.071625,-60.016,0.125
-60.1152,-0.2815,-60.1152,0.056,-60.1152,0.15625
-60.2144,-0.265875,-60.2144,0.08725,-60.2144,0.15625
-60.3136,-0.265875,-60.3136,0.056,-60.3136,0.1875
-60.412800000000004,-0.265875,-60.412800000000004,0.08725,-60.412800000000004,0.1875
-60.512,-0.265875,-60.512,0.056,-60.512,0.15625
-60.611200000000004,-0.265875,-60.611200000000004,0.071625,-60.611200000000004,0.15625
-60.7104,-0.25025,-60.7104,0.071625,-60.7104,0.15625
-60.8096,-0.25025,-60.8096,0.071625,-60.8096,0.15625
-60.9088,-0.25025,-60.9088,0.071625,-60.9088,0.15625
-61.008,-0.234625,-61.008,0.071625,-61.008,0.15625
-61.1072,-0.219,-61.1072,0.071625,-61.1072,0.15625
-61.2064,-0.219,-61.2064,0.056,-61.2064,0.15625
-61.3056,-0.18775,-61.3056,0.071625,-61.3056,0.1875
-61.4048,-0.219,-61.4048,0.071625,-61.4048,0.15625
-61.504,-0.18775,-61.504,0.056,-61.504,0.1875
-61.6032,-0.18775,-61.6032,0.040375,-61.6032,0.15625
-61.702400000000004,-0.172125,-61.702400000000004,0.056,-61.702400000000004,0.125
-61.8016,-0.1565,-61.8016,0.056,-61.8016,0.125
-61.900800000000004,-0.140875,-61.900800000000004,0.040375,-61.900800000000004,0.15625
-62.0,-0.1565,-62.0,0.040375,-62.0,0.15625
-62.0992,-0.12525,-62.0992,0.056,-62.0992,0.15625
-62.1984,-0.12525,-62.1984,0.040375,-62.1984,0.15625
-62.2976,-0.12525,-62.2976,0.040375,-62.2976,0.15625
-62.3968,-0.094,-62.3968,0.02475,-62.3968,0.125
-62.496,-0.06275,-62.496,0.02475,-62.496,0.125
-62.5952,-0.094,-62.5952,0.02475,-62.5952,0.15625
-62.6944,-0.047125,-62.6944,0.02475,-62.6944,0.15625
-62.7936,-0.0315,-62.7936,0.02475,-62.7936,0.15625
-62.8928,-0.06275,-62.8928,0.009125,-62.8928,0.15625
-62.992000000000004,-0.0315,-62.992000000000004,0.009125,-62.992000000000004,0.15625
-63.0912,-0.015875,-63.0912,-0.0065,-63.0912,0.15625
-63.190400000000004,-0.015875,-63.190400000000004,-0.0065,-63.190400000000004,0.15625
-63.2896,-0.000249982,-63.2896,-0.022125,-63.2896,0.15625
-63.3888,0.015375,-63.3888,-0.022125,-63.3888,0.15625
-63.488,0.046625,-63.488,-0.022125,-63.488,0.15625
-63.5872,0.046625,-63.5872,-0.022125,-63.5872,0.15625
-63.6864,0.06225,-63.6864,-0.022125,-63.6864,0.125
-63.7856,0.077875,-63.7856,-0.022125,-63.7856,0.15625
-63.8848,0.0935,-63.8848,-0.053375,-63.8848,0.125
-63.984,0.077875,-63.984,-0.03775,-63.984,0.125
-64.08319999999999,0.109125,-64.08319999999999,-0.069,-64.08319999999999,0.125
-64.18239999999999,0.109125,-64.18239999999999,-0.069,-64.18239999999999,0.15625
-64.2816,0.140375,-64.2816,-0.084625,-64.2816,0.15625
-64.3808,0.156,-64.3808,-0.069,-64.3808,0.1875
-64.47999999999999,0.156,-64.47999999999999,-0.069,-64.47999999999999,0.15625
-64.5792,0.140375,-64.5792,-0.084625,-64.5792,0.125
-64.6784,0.171625,-64.6784,-0.084625,-64.6784,0.125
-64.77759999999999,0.18725,-64.77759999999999,-0.10025,-64.77759999999999,0.1875
-64.87679999999999,0.202875,-64.87679999999999,-0.115875,-64.87679999999999,0.1875
-64.976,0.202875,-64.976,-0.115875,-64.976,0.125
-65.0752,0.2185,-65.0752,-0.1315,-65.0752,0.15625
-65.17439999999999,0.2185,-65.17439999999999,-0.147125,-65.17439999999999,0.15625
-65.27359999999999,0.2185,-65.27359999999999,-0.1315,-65.27359999999999,0.15625
-65.3728,0.234125,-65.3728,-0.1315,-65.3728,0.15625
-65.472,0.24975,-65.472,-0.16275,-65.472,0.15625
-65.57119999999999,0.2185,-65.57119999999999,-0.147125,-65.57119999999999,0.15625
-65.6704,0.24975,-65.6704,0.009125,-65.6704,0.125
-65.7696,0.296625,-65.7696,0.009125,-65.7696,0.15625
-65.8688,0.281,-65.8688,-0.0065,-65.8688,0.15625
-65.96799999999999,0.265375,-65.96799999999999,0.02475,-65.96799999999999,0.125
-66.0672,0.281,-66.0672,0.02475,-66.0672,0.125
-66.1664,0.296625,-66.1664,0.02475,-66.1664,0.125
-66.26559999999999,0.296625,-66.26559999999999,0.02475,-66.26559999999999,0.125
-66.36479999999999,0.265375,-66.36479999999999,0.02475,-66.36479999999999,0.15625
-66.464,0.296625,-66.464,0.040375,-66.464,0.1875
-66.5632,0.281,-66.5632,0.056,-66.5632,0.125
-66.66239999999999,0.296625,-66.66239999999999,0.040375,-66.66239999999999,0.15625
-66.76159999999999,0.296625,-66.76159999999999,0.056,-66.76159999999999,0.15625
-66.8608,0.296625,-66.8608,0.056,-66.8608,0.125
-66.96,0.296625,-66.96,0.071625,-66.96,0.125
-67.05919999999999,0.296625,-67.05919999999999,0.056,-67.05919999999999,0.15625
-67.1584,0.281,-67.1584,0.071625,-67.1584,0.125
-67.2576,0.296625,-67.2576,0.071625,-67.2576,0.125
-67.35679999999999,0.296625,-67.35679999999999,0.08725,-67.35679999999999,0.15625
-67.45599999999999,0.296625,-67.45599999999999,0.08725,-67.45599999999999,0.125
-67.5552,0.281,-67.5552,0.071625,-67.5552,0.125
-67.6544,0.24975,-67.6544,0.08725,-67.6544,0.125
-67.75359999999999,0.24975,-67.75359999999999,0.071625,-67.75359999999999,0.15625
-67.85279999999999,0.265375,-67.85279999999999,0.08725,-67.85279999999999,0.125
-67.952,0.265375,-67.952,0.08725,-67.952,0.125
-68.0512,0.24975,-68.0512,0.071625,-68.0512,0.15625
-68.15039999999999,0.24975,-68.15039999999999,0.071625,-68.15039999999999,0.125
-68.24959999999999,0.234125,-68.24959999999999,0.08725,-68.24959999999999,0.15625
-68.3488,0.234125,-68.3488,0.08725,-68.3488,0.125
-68.448,0.2185,-68.448,0.071625,-68.448,0.125
-68.54719999999999,0.202875,-68.54719999999999,0.056,-68.54719999999999,0.15625
-68.6464,0.202875,-68.6464,0.056,-68.6464,0.125
-68.7456,0.171625,-68.7456,0.056,-68.7456,0.125
-68.84479999999999,0.171625,-68.84479999999999,0.056,-68.84479999999999,0.15625
-68.94399999999999,0.171625,-68.94399999999999,0.040375,-68.94399999999999,0.15625
-69.0432,0.156,-69.0432,0.040375,-69.0432,0.15625
-69.1424,0.12475,-69.1424,0.040375,-69.1424,0.15625
-69.24159999999999,0.140375,-69.24159999999999,0.040375,-69.24159999999999,0.125
-69.34079999999999,0.109125,-69.34079999999999,0.040375,-69.34079999999999,0.15625
-69.44,0.109125,-69.44,0.02475,-69.44,0.15625
-69.5392,0.12475,-69.5392,0.02475,-69.5392,0.15625
-69.63839999999999,0.0935,-69.63839999999999,0.02475,-69.63839999999999,0.125
-69.7376,0.077875,-69.7376,0.009125,-69.7376,0.125
-69.8368,0.06225,-69.8368,-0.0065,-69.8368,0.125
-69.93599999999999,0.046625,-69.93599999999999,0.009125,-69.93599999999999,0.15625
-70.03519999999999,0.046625,-70.03519999999999,-0.0065,-70.03519999999999,0.15625
-70.1344,0.031,-70.1344,-0.0065,-70.1344,0.125
-70.2336,0.031,-70.2336,-0.0065,-70.2336,0.15625
-70.33279999999999,0.015375,-70.33279999999999,-0.022125,-70.33279999999999,0.15625
-70.43199999999999,-0.000249982,-70.43199999999999,-0.022125,-70.43199999999999,0.15625
-70.5312,-0.0315,-70.5312,-0.022125,-70.5312,0.15625
-70.6304,-0.0315,-70.6304,-0.022125,-70.6304,0.15625
-70.72959999999999,-0.047125,-70.72959999999999,-0.053375,-70.72959999999999,0.15625
-70.82879999999999,-0.047125,-70.82879999999999,-0.022125,-70.82879999999999,0.1875
-70.928,-0.078375,-70.928,-0.053375,-70.928,0.15625
-71.0272,-0.078375,-71.0272,-0.069,-71.0272,0.15625
-71.12639999999999,-0.109625,-71.12639999999999,-0.069,-71.12639999999999,0.15625
-71.2256,-0.094,-71.2256,-0.069,-71.2256,0.125
-71.3248,-0.109625,-71.3248,-0.069,-71.3248,0.125
-71.42399999999999,-0.109625,-71.42399999999999,-0.069,-71.42399999999999,0.1875
-71.52319999999999,-0.1565,-71.52319999999999,-0.069,-71.52319999999999,0.125
-71.6224,-0.172125,-71.6224,-0.084625,-71.6224,0.125
-71.7216,-0.1565,-71.7216,-0.084625,-71.7216,0.1875
-71.82079999999999,-0.1565,-71.82079999999999,-0.10025,-71.82079999999999,0.15625
-71.91999999999999,-0.172125,-71.91999999999999,-0.10025,-71.91999999999999,0.15625
-72.0192,-0.203375,-72.0192,-0.084625,-72.0192,0.15625
-72.1184,-0.18775,-72.1184,-0.1315,-72.1184,0.15625
-72.21759999999999,-0.18775,-72.21759999999999,-0.115875,-72.21759999999999,0.15625
-72.3168,-0.234625,-72.3168,-0.115875,-72.3168,0.125
-72.416,-0.219,-72.416,-0.115875,-72.416,0.1875
-72.5152,-0.234625,-72.5152,-0.1315,-72.5152,0.125
-72.61439999999999,-0.219,-72.61439999999999,-0.1315,-72.61439999999999,0.15625
-72.7136,-0.234625,-72.7136,0.02475,-72.7136,0.15625
-72.8128,-0.25025,-72.8128,0.02475,-72.8128,0.1875
-72.91199999999999,-0.25025,-72.91199999999999,0.02475,-72.91199999999999,0.15625
-73.01119999999999,-0.25025,-73.01119999999999,0.02475,-73.01119999999999,0.15625
-73.1104,-0.25025,-73.1104,0.02475,-73.1104,0.15625
-73.2096,-0.265875,-73.2096,0.040375,-73.2096,0.1875
-73.30879999999999,-0.265875,-73.30879999999999,0.009125,-73.30879999999999,0.15625
-73.40799999999999,-0.265875,-73.40799999999999,0.040375,-73.40799999999999,0.1875
-73.5072,-0.265875,-73.5072,0.02475,-73.5072,0.1875
-73.6064,-0.265875,-73.6064,0.02475,-73.6064,0.15625
-73.70559999999999,-0.25025,-73.70559999999999,0.040375,-73.70559999999999,0.15625
-73.8048,-0.265875,-73.8048,0.040375,-73.8048,0.15625
-73.904,-0.265875,-73.904,0.040375,-73.904,0.15625
-74.00319999999999,-0.2815,-74.00319999999999,0.056,-74.00319999999999,0.15625
-74.10239999999999,-0.265875,-74.10239999999999,0.071625,-74.10239999999999,0.125
-74.2016,-0.265875,-74.2016,0.056,-74.2016,0.1875
-74.3008,-0.265875,-74.3008,0.056,-74.3008,0.15625
-74.39999999999999,-0.25025,-74.39999999999999,0.056,-74.39999999999999,0.15625
-74.49919999999999,-0.25025,-74.49919999999999,0.071625,-74.49919999999999,0.125
-74.5984,-0.265875,-74.5984,0.056,-74.5984,0.15625
-74.6976,-0.25025,-74.6976,0.08725,-74.6976,0.1875
-74.79679999999999,-0.25025,-74.79679999999999,0.056,-74.79679999999999,0.15625
-74.89599999999999,-0.219,-74.89599999999999,0.056,-74.89599999999999,0.1875
-74.9952,-0.234625,-74.9952,0.071625,-74.9952,0.15625
-75.0944,-0.234625,-75.0944,0.071625,-75.0944,0.125
-75.19359999999999,-0.203375,-75.19359999999999,0.056,-75.19359999999999,0.1875
-75.2928,-0.203375,-75.2928,0.071625,-75.2928,0.1875
-75.392,-0.203375,-75.392,0.056,-75.392,0.15625
-75.49119999999999,-0.18775,-75.49119999999999,0.071625,-75.49119999999999,0.15625
-75.59039999999999,-0.18775,-75.59039999999999,0.056,-75.59039999999999,0.125
-75.6896,-0.172125,-75.6896,0.071625,-75.6896,0.1875
-75.7888,-0.1565,-75.7888,0.056,-75.7888,0.15625
-75.88799999999999,-0.172125,-75.88799999999999,0.056,-75.88799999999999,0.15625
-75.98719999999999,-0.1565,-75.98719999999999,0.056,-75.98719999999999,0.15625
-76.0864,-0.140875,-76.0864,0.071625,-76.0864,0.125
-76.1856,-0.094,-76.1856,0.056,-76.1856,0.15625
-76.28479999999999,-0.12525,-76.28479999999999,0.040375,-76.28479999999999,0.15625
-76.384,-0.094,-76.384,0.040375,-76.384,0.15625
-76.4832,-0.078375,-76.4832,0.02475,-76.4832,0.15625
-76.58239999999999,-0.06275,-76.58239999999999,0.02475,-76.58239999999999,0.125
-76.68159999999999,-0.06275,-76.68159999999999,0.02475,-76.68159999999999,0.15625
-76.7808,-0.047125,-76.7808,0.02475,-76.7808,0.15625
-76.88,-0.0315,-76.88,0.02475,-76.88,0.15625
-76.97919999999999,-0.0315,-76.97919999999999,0.009125,-76.97919999999999,0.15625
-77.07839999999999,-0.015875,-77.07839999999999,0.009125,-77.07839999999999,0.125
-77.1776,-0.000249982,-77.1776,0.009125,-77.1776,0.125
-77.2768,0.015375,-77.2768,-0.022125,-77.2768,0.15625
-77.37599999999999,0.031,-77.37599999999999,-0.0065,-77.37599999999999,0.15625
-77.47519999999999,0.031,-77.47519999999999,-0.022125,-77.47519999999999,0.125
-77.5744,0.06225,-77.5744,-0.03775,-77.5744,0.15625
-77.6736,0.06225,-77.6736,-0.053375,-77.6736,0.15625
-77.77279999999999,0.077875,-77.77279999999999,-0.03775,-77.77279999999999,0.15625
-77.872,0.077875,-77.872,-0.053375,-77.872,0.15625
-77.9712,0.0935,-77.9712,-0.069,-77.9712,0.15625
-78.07039999999999,0.109125,-78.07039999999999,-0.069,-78.07039999999999,0.125
-78.16959999999999,0.12475,-78.16959999999999,-0.053375,-78.16959999999999,0.125
-78.2688,0.140375,-78.2688,-0.069,-78.2688,0.125
-78.368,0.140375,-78.368,-0.069,-78.368,0.15625
-78.46719999999999,0.156,-78.46719999999999,-0.084625,-78.46719999999999,0.125
-78.56639999999999,0.171625,-78.56639999999999,-0.10025,-78.56639999999999,0.15625
-78.6656,0.156,-78.6656,-0.10025,-78.6656,0.15625
-78.7648,0.18725,-78.7648,-0.1315,-78.7648,0.125
-78.86399999999999,0.202875,-78.86399999999999,-0.115875,-78.86399999999999,0.15625
-78.9632,0.202875,-78.9632,-0.147125,-78.9632,0.15625
-79.0624,0.202875,-79.0624,-0.147125,-79.0624,0.125
-79.16159999999999,0.2185,-79.16159999999999,-0.147125,-79.16159999999999,0.15625
-79.26079999999999,0.2185,-79.26079999999999,-0.1315,-79.26079999999999,0.125
-79.36,0.2185,-79.36,-0.16275,-79.36,0.15625
-79.4592,0.24975,-79.4592,-0.178375,-79.4592,0.15625
-79.55839999999999,0.234125,-79.55839999999999,-0.178375,-79.55839999999999,0.125
-79.65759999999999,0.24975,-79.65759999999999,0.02475,-79.65759999999999,0.15625
-79.7568,0.24975,-79.7568,0.02475,-79.7568,0.15625
-79.856,0.265375,-79.856,0.02475,-79.856,0.15625
-79.95519999999999,0.281,-79.95519999999999,0.040375,-79.95519999999999,0.125
-80.05439999999999,0.281,-80.05439999999999,0.040375,-80.05439999999999,0.15625
-80.1536,0.281,-80.1536,0.056,-80.1536,0.125
-80.2528,0.296625,-80.2528,0.056,-80.2528,0.15625
-80.35199999999999,0.296625,-80.35199999999999,0.056,-80.35199999999999,0.125
-80.4512,0.281,-80.4512,0.071625,-80.4512,0.125
-80.5504,0.296625,-80.5504,0.071625,-80.5504,0.15625
-80.64959999999999,0.296625,-80.64959999999999,0.071625,-80.64959999999999,0.125
-80.74879999999999,0.265375,-80.74879999999999,0.08725,-80.74879999999999,0.125
-80.848,0.281,-80.848,0.071625,-80.848,0.125
-80.9472,0.296625,-80.9472,0.08725,-80.9472,0.125
-81.04639999999999,0.296625,-81.04639999999999,0.08725,-81.04639999999999,0.09375
-81.14559999999999,0.281,-81.14559999999999,0.08725,-81.14559999999999,0.125
-81.2448,0.281,-81.2448,0.08725,-81.2448,0.15625
-81.344,0.31225,-81.344,0.056,-81.344,0.15625
-81.44319999999999,0.281,-81.44319999999999,0.08725,-81.44319999999999,0.125
-81.54239999999999,0.281,-81.54239999999999,0.08725,-81.54239999999999,0.125
-81.6416,0.265375,-81.6416,0.08725,-81.6416,0.125
-81.7408,0.265375,-81.7408,0.08725,-81.7408,0.125
-81.83999999999999,0.265375,-81.83999999999999,0.08725,-81.83999999999999,0.15625
-81.9392,0.24975,-81.9392,0.08725,-81.9392,0.15625
-82.0384,0.265375,-82.0384,0.071625,-82.0384,0.15625
-82.13759999999999,0.24975,-82.13759999999999,0.08725,-82.13759999999999,0.15625
-82.23679999999999,0.234125,-82.23679999999999,0.071625,-82.23679999999999,0.15625
-82.336,0.2185,-82.336,0.071625,-82.336,0.125
-82.4352,0.2185,-82.4352,0.071625,-82.4352,0.125
-82.53439999999999,0.202875,-82.53439999999999,0.071625,-82.53439999999999,0.15625
-82.63359999999999,0.18725,-82.63359999999999,0.071625,-82.63359999999999,0.15625
-82.7328,0.18725,-82.7328,0.08725,-82.7328,0.15625
-82.832,0.18725,-82.832,0.071625,-82.832,0.15625
-82.93119999999999,0.171625,-82.93119999999999,0.056,-82.93119999999999,0.15625
-83.0304,0.171625,-83.0304,0.056,-83.0304,0.15625
-83.1296,0.140375,-83.1296,0.040375,-83.1296,0.125
-83.22879999999999,0.140375,-83.22879999999999,0.056,-83.22879999999999,0.15625
-83.32799999999999,0.140375,-83.32799999999999,0.056,-83.32799999999999,0.15625
-83.4272,0.12475,-83.4272,0.02475,-83.4272,0.15625
-83.5264,0.0935,-83.5264,0.02475,-83.5264,0.15625
-83.62559999999999,0.077875,-83.62559999999999,0.009125,-83.62559999999999,0.125
-83.72479999999999,0.06225,-83.72479999999999,0.009125,-83.72479999999999,0.15625
-83.824,0.077875,-83.824,-0.0065,-83.824,0.15625
-83.9232,0.015375,-83.9232,-0.022125,-83.9232,0.15625
-84.02239999999999,0.031,-84.02239999999999,-0.022125,-84.02239999999999,0.15625
-84.12159999999999,0.046625,-84.12159999999999,-0.0065,-84.12159999999999,0.15625
-84.2208,0.031,-84.2208,-0.022125,-84.2208,0.125
-84.32,0.015375,-84.32,-0.03775,-84.32,0.15625
-84.41919999999999,-0.015875,-84.41919999999999,-0.03775,-84.41919999999999,0.15625
-84.5184,-0.015875,-84.5184,-0.069,-84.5184,0.125
-84.6176,-0.047125,-84.6176,-0.069,-84.6176,0.15625
-84.71679999999999,-0.0315,-84.71679999999999,-0.069,-84.71679999999999,0.15625
-84.81599999999999,-0.06275,-84.81599999999999,-0.069,-84.81599999999999,0.15625
-84.9152,-0.078375,-84.9152,-0.069,-84.9152,0.15625
-85.0144,-0.078375,-85.0144,-0.084625,-85.0144,0.15625
-85.11359999999999,-0.078375,-85.11359999999999,-0.084625,-85.11359999999999,0.15625
-85.21279999999999,-0.12525,-85.21279999999999,-0.10025,-85.21279999999999,0.125
-85.312,-0.109625,-85.312,-0.10025,-85.312,0.125
-85.4112,-0.12525,-85.4112,-0.115875,-85.4112,0.15625
-85.51039999999999,-0.140875,-85.51039999999999,-0.115875,-85.51039999999999,0.15625
-85.60959999999999,-0.172125,-85.60959999999999,-0.1315,-85.60959999999999,0.125
-85.7088,-0.1565,-85.7088,-0.115875,-85.7088,0.1875
-85.80799999999999,-0.172125,-85.80799999999999,-0.1315,-85.80799999999999,0.15625
-85.90719999999999,-0.18775,-85.90719999999999,-0.115875,-85.90719999999999,0.15625
-86.0064,-0.18775,-86.0064,-0.115875,-86.0064,0.15625
-86.1056,-0.18775,-86.1056,-0.1315,-86.1056,0.125
-86.20479999999999,-0.203375,-86.20479999999999,-0.16275,-86.20479999999999,0.1875
-86.30399999999999,-0.219,-86.30399999999999,-0.16275,-86.30399999999999,0.15625
-86.4032,-0.219,-86.4032,-0.16275,-86.4032,0.1875
-86.5024,-0.234625,-86.5024,-0.178375,-86.5024,0.15625
-86.60159999999999,-0.219,-86.60159999999999,-0.194,-86.60159999999999,0.1875
-86.70079999999999,-0.234625,-86.70079999999999,0.056,-86.70079999999999,0.15625
-86.8,-0.234625,-86.8,0.071625,-86.8,0.1875
-86.8992,-0.234625,-86.8992,0.071625,-86.8992,0.1875
-86.99839999999999,-0.234625,-86.99839999999999,0.08725,-86.99839999999999,0.1875
-87.0976,-0.25025,-87.0976,0.071625,-87.0976,0.1875
-87.1968,-0.2815,-87.1968,0.08725,-87.1968,0.15625
-87.29599999999999,-0.25025,-87.29599999999999,0.102875,-87.29599999999999,0.15625
-87.39519999999999,-0.265875,-87.39519999999999,0.08725,-87.39519999999999,0.15625
-87.4944,-0.265875,-87.4944,0.102875,-87.4944,0.1875
-87.5936,-0.2815,-87.5936,0.08725,-87.5936,0.15625
-87.69279999999999,-0.265875,-87.69279999999999,0.102875,-87.69279999999999,0.1875
-87.79199999999999,-0.2815,-87.79199999999999,0.102875,-87.79199999999999,0.1875
-87.8912,-0.2815,-87.8912,0.102875,-87.8912,0.15625
-87.9904,-0.265875,-87.9904,0.102875,-87.9904,0.15625
-88.08959999999999,-0.2815,-88.08959999999999,0.1185,-88.08959999999999,0.15625
-88.18879999999999,-0.265875,-88.18879999999999,0.1185,-88.18879999999999,0.1875
-88.288,-0.265875,-88.288,0.1185,-88.288,0.1875
-88.38719999999999,-0.25025,-88.38719999999999,0.102875,-88.38719999999999,0.15625
-88.48639999999999,-0.25025,-88.48639999999999,0.1185,-88.48639999999999,0.15625
-88.5856,-0.25025,-88.5856,0.1185,-88.5856,0.15625
-88.6848,-0.25025,-88.6848,0.102875,-88.6848,0.1875
-88.78399999999999,-0.234625,-88.78399999999999,0.102875,-88.78399999999999,0.15625
-88.88319999999999,-0.25025,-88.88319999999999,0.102875,-88.88319999999999,0.1875
-88.9824,-0.234625,-88.9824,0.102875,-88.9824,0.15625
-89.0816,-0.234625,-89.0816,0.102875,-89.0816,0.125
-89.18079999999999,-0.219,-89.18079999999999,0.102875,-89.18079999999999,0.15625
-89.27999999999999,-0.219,-89.27999999999999,0.102875,-89.27999999999999,0.1875
-89.3792,-0.18775,-89.3792,0.08725,-89.3792,0.15625
-89.4784,-0.203375,-89.4784,0.08725,-89.4784,0.15625
-89.57759999999999,-0.203375,-89.57759999999999,0.102875,-89.57759999999999,0.15625
-89.6768,-0.172125,-89.6768,0.071625,-89.6768,0.125
-89.776,-0.172125,-89.776,0.08725,-89.776,0.125
-89.87519999999999,-0.1565,-89.87519999999999,0.08725,-89.87519999999999,0.15625
-89.97439999999999,-0.140875,-89.97439999999999,0.071625,-89.97439999999999,0.15625
-90.0736,-0.12525,-90.0736,0.071625,-90.0736,0.15625
-90.1728,-0.109625,-90.1728,0.08725,-90.1728,0.125
-90.27199999999999,-0.12525,-90.27199999999999,0.08725,-90.27199999999999,0.125
-90.37119999999999,-0.094,-90.37119999999999,0.056,-90.37119999999999,0.125
-90.4704,-0.094,-90.4704,0.071625,-90.4704,0.15625
-90.5696,-0.078375,-90.5696,0.056,-90.5696,0.15625
-90.66879999999999,-0.06275,-90.66879999999999,0.040375,-90.66879999999999,0.15625
-90.76799999999999,-0.047125,-90.76799999999999,0.040375,-90.76799999999999,0.1875
-90.8672,-0.0315,-90.8672,0.02475,-90.8672,0.15625
-90.9664,-0.015875,-90.9664,0.040375,-90.9664,0.15625
-91.06559999999999,-0.000249982,-91.06559999999999,0.02475,-91.06559999999999,0.15625
-91.1648,-0.000249982,-91.1648,0.009125,-91.1648,0.125
-91.264,-0.000249982,-91.264,0.009125,-91.264,0.125
-91.36319999999999,0.015375,-91.36319999999999,0.009125,-91.36319999999999,0.15625
-91.46239999999999,0.015375,-91.46239999999999,-0.0065,-91.46239999999999,0.1875
-91.5616,0.031,-91.5616,-0.022125,-91.5616,0.15625
-91.6608,0.06225,-91.6608,-0.022125,-91.6608,0.15625
-91.75999999999999,0.077875,-91.75999999999999,-0.053375,-91.75999999999999,0.125
-91.85919999999999,0.0935,-91.85919999999999,-0.053375,-91.85919999999999,0.15625
-91.9584,0.109125,-91.9584,-0.053375,-91.9584,0.1875
-92.0576,0.0935,-92.0576,-0.053375,-92.0576,0.15625
-92.15679999999999,0.12475,-92.15679999999999,-0.069,-92.15679999999999,0.125
-92.25599999999999,0.12475,-92.25599999999999,-0.053375,-92.25599999999999,0.125
-92.3552,0.140375,-92.3552,-0.10025,-92.3552,0.125
-92.45439999999999,0.140375,-92.45439999999999,-0.10025,-92.45439999999999,0.125
-92.55359999999999,0.18725,-92.55359999999999,-0.115875,-92.55359999999999,0.15625
-92.6528,0.18725,-92.6528,-0.10025,-92.6528,0.15625
-92.752,0.171625,-92.752,-0.10025,-92.752,0.15625
-92.85119999999999,0.171625,-92.85119999999999,-0.10025,-92.85119999999999,0.15625
-92.95039999999999,0.202875,-92.95039999999999,-0.115875,-92.95039999999999,0.15625
-93.0496,0.202875,-93.0496,-0.115875,-93.0496,0.125
-93.1488,0.234125,-93.1488,-0.1315,-93.1488,0.125
-93.24799999999999,0.234125,-93.24799999999999,-0.115875,-93.24799999999999,0.15625
-93.34719999999999,0.234125,-93.34719999999999,-0.1315,-93.34719999999999,0.125
-93.4464,0.234125,-93.4464,-0.16275,-93.4464,0.125
-93.5456,0.24975,-93.5456,-0.16275,-93.5456,0.125
-93.64479999999999,0.265375,-93.64479999999999,-0.10025,-93.64479999999999,0.125
-93.744,0.265375,-93.744,-0.0065,-93.744,0.125
-93.8432,0.265375,-93.8432,0.009125,-93.8432,0.15625
-93.94239999999999,0.265375,-93.94239999999999,0.009125,-93.94239999999999,0.125
-94.04159999999999,0.265375,-94.04159999999999,0.009125,-94.04159999999999,0.1875
-94.1408,0.265375,-94.1408,0.02475,-94.1408,0.125
-94.24,0.265375,-94.24,0.02475,-94.24,0.125
-94.33919999999999,0.281,-94.33919999999999,0.02475,-94.33919999999999,0.125
-94.43839999999999,0.31225,-94.43839999999999,0.040375,-94.43839999999999,0.125
-94.5376,0.281,-94.5376,0.02475,-94.5376,0.125
-94.6368,0.296625,-94.6368,0.040375,-94.6368,0.15625
-94.73599999999999,0.296625,-94.73599999999999,0.040375,-94.73599999999999,0.125
-94.83519999999999,0.31225,-94.83519999999999,0.040375,-94.83519999999999,0.15625
-94.9344,0.281,-94.9344,0.056,-94.9344,0.15625
-95.03359999999999,0.31225,-95.03359999999999,0.056,-95.03359999999999,0.125
-95.13279999999999,0.265375,-95.13279999999999,0.040375,-95.13279999999999,0.125
-95.232,0.296625,-95.232,0.056,-95.232,0.125
-95.3312,0.265375,-95.3312,0.071625,-95.3312,0.125
-95.43039999999999,0.265375,-95.43039999999999,0.056,-95.43039999999999,0.125
-95.52959999999999,0.281,-95.52959999999999,0.071625,-95.52959999999999,0.125
-95.6288,0.265375,-95.6288,0.056,-95.6288,0.125
-95.728,0.265375,-95.728,0.071625,-95.728,0.125
-95.82719999999999,0.24975,-95.82719999999999,0.056,-95.82719999999999,0.15625
-95.92639999999999,0.24975,-95.92639999999999,0.056,-95.92639999999999,0.125
-96.0256,0.24975,-96.0256,0.071625,-96.0256,0.15625
-96.1248,0.234125,-96.1248,0.071625,-96.1248,0.125
-96.22399999999999,0.234125,-96.22399999999999,0.071625,-96.22399999999999,0.125
-96.32319999999999,0.234125,-96.32319999999999,0.071625,-96.32319999999999,0.15625
-96.4224,0.2185,-96.4224,0.056,-96.4224,0.125
-96.52159999999999,0.2185,-96.52159999999999,0.056,-96.52159999999999,0.125
-96.62079999999999,0.18725,-96.62079999999999,0.071625,-96.62079999999999,0.125
-96.72,0.171625,-96.72,0.056,-96.72,0.125
-96.8192,0.18725,-96.8192,0.071625,-96.8192,0.15625
-96.91839999999999,0.18725,-96.91839999999999,0.056,-96.91839999999999,0.15625
-97.01759999999999,0.156,-97.01759999999999,0.056,-97.01759999999999,0.15625
-97.1168,0.140375,-97.1168,0.056,-97.1168,0.15625
-97.216,0.140375,-97.216,0.056,-97.216,0.15625
-97.31519999999999,0.12475,-97.31519999999999,0.040375,-97.31519999999999,0.15625
-97.41439999999999,0.0935,-97.41439999999999,0.040375,-97.41439999999999,0.15625
-97.5136,0.109125,-97.5136,0.02475,-97.5136,0.1875
-97.6128,0.077875,-97.6128,0.040375,-97.6128,0.15625
-97.71199999999999,0.0935,-97.71199999999999,0.02475,-97.71199999999999,0.125
-97.8112,0.077875,-97.8112,0.02475,-97.8112,0.125
-97.9104,0.06225,-97.9104,0.02475,-97.9104,0.15625
-98.00959999999999,0.046625,-98.00959999999999,0.009125,-98.00959999999999,0.15625
-98.10879999999999,0.031,-98.10879999999999,0.009125,-98.10879999999999,0.125
-98.208,0.031,-98.208,0.009125,-98.208,0.1875
-98.3072,-0.000249982,-98.3072,-0.022125,-98.3072,0.15625
-98.40639999999999,-0.015875,-98.40639999999999,-0.022125,-98.40639999999999,0.15625
-98.50559999999999,-0.047125,-98.50559999999999,-0.022125,-98.50559999999999,0.15625
-98.6048,-0.0315,-98.6048,-0.022125,-98.6048,0.15625
-98.704,-0.047125,-98.704,-0.03775,-98.704,0.15625
-98.80319999999999,-0.06275,-98.80319999999999,-0.03775,-98.80319999999999,0.15625
-98.90239999999999,-0.047125,-98.90239999999999,-0.053375,-98.90239999999999,0.15625
-99.0016,-0.078375,-99.0016,-0.053375,-99.0016,0.1875
-99.10079999999999,-0.094,-99.10079999999999,-0.069,-99.10079999999999,0.125
